source_url,marwari_paragraph
https://www.aapanorajasthan.org/aapani%20bhasa.php,समाचार पेहलो पानो आपरी राय आपरा सवाल रा जवाब माणो पतो सहायता
https://www.aapanorajasthan.org/aapani%20bhasa.php,राजस्थान रा जिला रो नक्शो (आभार राजस्थान पत्रिका)
https://www.aapanorajasthan.org/aapani%20bhasa.php,राजस्थानी भाषा मोडिया लिपि पांडुलिपिया राजस्थानी व्याकरण साहित्यिक-सांस्कृतिक कोश भाषा संबंधी कवितावां इंटरनेट पर राजस्थानी राजस्थानी ऐस.ऐम.ऐस विद्वाना रा विचार राजस्थानी भाषा कार्यक्रम साहित्यकार प्रवासी साहित्यकार किताबा री सूची संस्थाया अर संघ
https://www.aapanorajasthan.org/aapani%20bhasa.php,बाबा रामदेवजी गोगाजी चौहान वीर तेजाजी रावल मल्लिनाथजी मेहाजी मांगलिया हड़बूजी सांखला पाबूजी देवजी सिद्धपुरुष खेमा बाबा आलमजी केसरिया कंवर बभूतौ सिद्ध संत पीपाजी जोगिराज जालंधरनाथ भगत धन्नौ संत कूबाजी
https://www.aapanorajasthan.org/aapani%20bhasa.php,जीण माता रूपांदे करनी माता आई माता माजीसा राणी भटियाणी
https://www.aapanorajasthan.org/aapani%20bhasa.php,मीराबाई महाराणा प्रताप पन्नाधाय ठा.केसरीसिंह बारहठ बप्पा रावल बादल व गोरा बिहारीमल चन्द्र सखी दादू दुर्गादास हाडी राणी जयमल अर पत्ता जोरावर सिंह बारहठ महाराणा कुम्भा कमलावती कविवर व्रिंद महाराणा लाखा रानी लीलावती मालदेव राठौड पद्मिनी रानी पृथ्वीसिंह पृथ्वीराज कवि प्रताप सिंह बारहठ राणा रतनसिंह राणा सांगा अमरसिंह राठौड रामसिंह राठौड अजयपाल जी राव प्रतापसिंह जी सूरजमल जी राव बीकाजी चित्रांगद मौर्यजी डूंगरसिंह जी गंगासिंह जी जनमेजय जी राव जोधाजी सवाई जयसिंहजी भाटी जैसलजी खिज्र खां जी किशनसिंह जी राठौड महारावल प्रतापसिंहजी रतनसिंहजी सूरतसिंहजी सरदार सिंह जी सुजानसिंहजी उम्मेदसिंह जी उदयसिंह जी
https://www.aapanorajasthan.org/aapani%20bhasa.php,मेजर शैतानसिंह सागरमल गोपा अर्जुनलाल सेठी रामचन्द्र नन्दवाना
https://www.aapanorajasthan.org/aapani%20bhasa.php,जलवायु जिला ग़ाँव तालुका ढ़ाणियाँ जनसंख्या
https://www.aapanorajasthan.org/aapani%20bhasa.php,वीर योद्धा महापुरुष किला ऐतिहासिक युद्ध स्वतन्त्रता संग्राम वीरा री वाता
https://www.aapanorajasthan.org/aapani%20bhasa.php,धार्मिक स्थान धर्म - सम्प्रदाय मेले सांस्कृतिक संस्थान रामायण राजस्थानी व्रत-कथायां राजस्थानी भजन
https://www.aapanorajasthan.org/aapani%20bhasa.php,भाषा व्याकरण लोकग़ीत लोकनाटय चित्रकला मूर्तिकला स्थापत्यकला कहावता दूहा कविता
https://www.aapanorajasthan.org/aapani%20bhasa.php,वेशभूषा जातियाँ तीज- तेवार शादी-ब्याह काचँ करियावर ब्याव रा कार्ड्स
https://www.aapanorajasthan.org/aapani%20bhasa.php,व्यापार-व्यापारी प्राकृतिक संसाधन उद्यम- उद्यमी
https://www.aapanorajasthan.org/aapani%20bhasa.php,राजस्थानी वातां कहाणियां राजस्थानी गजला
https://www.aapanorajasthan.org/aapani%20bhasa.php,टुणकला हंसीकावां हास्य कवितावां पहेलियां गळगचिया
https://www.aapanorajasthan.org/aapani%20bhasa.php,टाबरां री पोथी टाबरा री कहाणियां टाबरां रा गीत टाबरां री कवितावां
https://www.aapanorajasthan.org/aapani%20bhasa.php,राजेन्द्रसिंह बारहठ देव कोठारी सत्यनारायण सोनी पद्मचंदजी मेहता भवनलालजी रवि पुरोहितजी
https://www.aapanorajasthan.org/aapani%20bhasa.php,पुस्तक- राजस्थानी भासा साहित्त री ख्यात लेखक- डॉ. राजेन्द्र बारहठ
https://www.aapanorajasthan.org/aapani%20bhasa.php,राजस्थानी भासा प्रभाव खेतर : एक दीठ
https://www.aapanorajasthan.org/aapani%20bhasa.php,"राजस्थान मतलब रे रौ स्थान जकौ खास कर'र भगवान राम रा अग्नि बांण सूं सुखाईजियौ थकौ पांई रौ समन्दर में बदलग्यौ। जिण खेतर में वैदिक सरस्वती, हाकड़ा अबार घग्धर नामां सूं संबोधित की जावण वाली नदी वहती ही। जिणनै दुनिया रा नक्सा में राजस्थान, हरियाणा, गुजरात, वाकिस्तान में फेलिया थका रेगिस्तान रा रूप में देखियौ जा सकै। विणरी भासा रौ नाम राजस्थानी है।"
https://www.aapanorajasthan.org/aapani%20bhasa.php,राजस्थानी भासा री बोलियां रौ परिचै
https://www.aapanorajasthan.org/aapani%20bhasa.php,गुपत पगले (यायावर जिप्सी) बोलियां
https://www.aapanorajasthan.org/aapani%20bhasa.php,राजस्थानी भासा रै भैलाव में सहायक तत्त्व
https://www.aapanorajasthan.org/aapani%20bhasa.php,"भासा समाज री पैली आवश्यकत है, अम मिनख रै विकास रौ मैताऊ साधन भी। मिनख रा भौतिक अर सांस्क्रतिक वदापा रै साथै सातै बासा रौ वदापौ व्है। समाज री उन्नति अर विणरी न्यारी-न्यारी प्रव्रतियां में लगोलग कोसीस करतौ मांनखौ आपरी जरुर मुजब जांण-अणजांण में भी भासा नैं नवा-नवा रुप देवतौ रैवै। इणसूं भासा रा केई रूप बणता अर बिगड़ता रैवै, पण मिटणवाली भासावां रौ प्रभाव नवी भासावां माथै किंण'र किंण रूप में जरुर बणियौ रैवै। क्यूं'क नवीं भासावां जूनी भासावां री कूख सूं ही उपजै। जद'क दूजी भासावां रा प्रभाव सूं भी वै अछूती नीं रैय सकै। भासवां रौ औ विकासक्रम खुद मानव जात रा सामाजिक तिियास सूं पूरी तरै जुड़ियाड़ौ लगोलग चालतौ रैवै। कुणसी भासा कतिरी सबली अर महान है औ विण भासा रौ यै साहित्त ही प्रमाणित कर सकै। साहित्त री रचना सबदां री मारफत पूरी व्है। मतलब किंणी भासा रौ सबद भण्डार ही विणरी अभिव्यक्ति री खिमताई रौ परमाण है।"
https://www.aapanorajasthan.org/aapani%20bhasa.php,या केई मैताऊ संकेत है। जिणांरी ारफत केई मैताऊ निरणै तांई पौचण में स्हारौ मिलै।
https://www.aapanorajasthan.org/aapani%20bhasa.php,ंग्रै हा। इणां मांय सूं पैली तीन जिल्दां में एक अरथवाला न्यारा-न्यारा सबदां रौ संग्रै ही। चौथा में कठिन सबद अर पांचवा में वेद रा न्यारा-न्यारा देवतावां रौ वरगीकरण हौ। निघण्
https://www.aapanorajasthan.org/aapani%20bhasa.php,ुटकोस पछै बणणवाला लौकिक सदकोसां सूं न्यारौ सो लखावै। निघण्टु में खास रूप सूं वेद इत्याद संहिता ग्रंथां रा अबखा अरथां नैं समझावण री कोसीस करीजी है। मतलब निघण्टुकोस वैदिक ग्रंथां रा विसै री चरचा सूं जुड़ियौ है। जद'क लौकिक कोस न्यारा-न्यारा वांगमय रा सब विसयां रा नांम अव्यय अर लिंग रौ बोध करावता थका सबदां रा अरतां नै समझावण वाला सबदां रौ है। निघण्टुकोस रै बाद यास्क रा निरुक्त में कास सबदां रौ संग्र है। अण विणरै पछै पाणिरी री अष्टाध्यायी में यौगिक सबदां रौ बड़ौ समुह कोस री सम्रिद्धि रौ वदपौ करतौ थकौ जांण पड़ै।
https://www.aapanorajasthan.org/aapani%20bhasa.php,"जूना कोसां में कात्यायण री नाममाला वाचस्तपति रौ सबदारणव, विक्रमादित्य रौ संसारावरत, व्याड़ि रौ उत्पलिनी भागुरी री त्रिकाण्ड धन्वन्तरी री निघण्यु इत्याद रा नांम चावा है। इणां मांय सूं केई कोस नीं मिलै।"
https://www.aapanorajasthan.org/aapani%20bhasa.php,मिलयमाला कोसां में अमरसिंघ रा 'अमरकोस' नै आछी ख्याति मिली। इणरै पछै आचर्या हेमचंद इत्याद रा कोसां रौ ठीका-ठीक प्रचार व्हियौ। ऐड़ौ काव्यग्रंथां री टीकावां सूम समझ में आवै।
https://www.aapanorajasthan.org/aapani%20bhasa.php,धनपाल धारधीस मुंजराज री राजसभा रा मानीता गुणी रतना हा। वै विणानै 'सरस्वती' कैवता। भोजराज इणांनैं राजसभा में 'कुरचाल सरस्वती' अर 'सिद्दसारस्वतकवीस्वर' री पदवियां देय'र सम्मानित करिया। पछै 'तिलकमंजरी' री रचना नै बदलण रा आदेस सूं अर ग्रंथ नैं जलाय देवण रै कारण भोजराज रै साथै विणांरो खार पड़ग्यो। तद वै सांचरो जाय'र रहया। वणरी जांण विणांरा 'सत्यपुरीमंडन-महावीरोत्साह' में है।
https://www.aapanorajasthan.org/aapani%20bhasa.php,"इण तरै आचार्य हेमचन्द्र एक साथै कवी, कथाकार इतियासकार अर आलोचक हा। वै सफल अर समरथ साहित्तकार रै रूप में चावा व्हिया। आथुणिया गुणीसर डॉ. पीटरस् विणारा गूणभरिया ग्रंथां नैं देख'र विणां नै 'ग्यान महोदेधि' जैड़ि उपाधि दी है। इणांरी साहित्त् सेवा नैं देख'र विद्वान विणांनै 'कालिदास सर्वज्ञत्र' जेड़ी उपाधि दीवी।2"
https://www.aapanorajasthan.org/aapani%20bhasa.php,"औ ग्रंथ चौकंभा संस्क्रत सीरीज बनारस सूं छापियौ। इणसूं पैला अभिदान संग्रै में सक-संवत 1818 में महावीर जैन सभा,खंबात सूं अर वलिद्याकर मिस्र री मारफत कलकत्ता सूं छापियौ।"
https://www.aapanorajasthan.org/aapani%20bhasa.php,"र भासा रा रूप में अर विणरी विधावां अर सैलियां अर छंदां इत्याद में बदलाव अर बढ़ोतरी व्हैती रैयी। पं. अंबालाल प्रे. साह रै मुजब सुभाविक बोलचाल री भासा नैं प्राक्रत कैवै. प्रदेसां रे मुजब प्राक्रत रा अलेखूं भेद है। प्राक्रत व्याकरणां सूं अर नाटक अर साहित्त रा ग्रंथां सूं विणां-विणां भेदां रौ पतौ लागै। भगवान महावीर अर बुद्ध बालक, लुगायां अर कम भणयि लोगां रै उपकार सारू धरम-ग्यान रौ उपदेसे प्राक्रत (देसज) भा,ा में ही दियौ। विणांरा दिया थका उपदेस आगम अर त्रिपिटक इत्याद धरम ग्रंथांमें है। संस्करत रा नाटक साहित्त में भी लुगायां अर दूजा पात्रां रा संवाद प्राक्रत (देसज) भासा में ईज है। जैन अर बौद्ध साहित्तं समझण सारू अर प्रान्तां री भा सावां रौ विकास जांणण सारू प्राक्रत अर अपभ्रंश भासा रौ ग्यान घणौ जरुरी है। विण जरुरत नैं पूरी कण सारू जूना आचार्य संस्क्रत भासा में ईज प्राक्रत भासा रा अलेखूं ग्रंथ बणाया। प्राक्रत (देसज) भासा रा वैयाकरण आपरा पैली वाला वैयाकरणां री सैली नैं अपणाय'र अप आपरा अनुभूत प्रयोगां नैं बढ़ाय'र व्याकरणां री रचना करी है। ऐ आप-आप रा प्रदेस री प्राक्रत भासावां नै मैताव देय'र जका व्याकरण ग्रंथां री रनचा करी, वै आज मिलै। प्राक्रत रै साथै-साथै अपभ्रंस (देसज) भासा रौ विचार नी अठै जरुरी लखावै। प्राकृत रौ अन्त्य सरूप अर जूनी देसी भासवां सूं सीधौ सम्बंध राखणवाली सरुप छठा-सांतवा सीका सूं ई तैव्है चूकौ हौ। महाकवि स्वयंभू भूं व्याकरण री रचना 2 वा सईका में करी ही। जकौ आज नीं मिलै है। इण समै सूं ई भासा रा इण रुप अर नांम सूं स्वतंत्र साहित्त रौ तरतीबवार निरमाण व्हेतां-व्हेतां वौ घणौ सूं घणौ बणतौ गयौ अर आ भासा साहित्तिक भासा री जागा पाथली। इण साहित्त नैं देखतां थकां जूनी गुजराती मतलब राजस्थानी आद देसी भासवां रौ इणरै साथै नैड़ौ जुड़ाव है। औ बिना भरम रै क्हयौ जा सकै। गुजरात, राजस्थान, मालवा आद प्रदेसां रा लोग आपरी देसज बासा जिणनै अपभ्रंस कहै जतौ जिणनै आज जूनी गुजराती कै राजस्थानी कैवे विणमें ईज रूची राखता।5 वामन आपरा 'काव्यलंकार सूत्र' में 'अलंकार' सबद रा दो अरथ बताया है। (1)फूठरापा रा रूप में (सौन्दर्यलंकार) (2) गैणां (अलंकरण) रा रूप में (अलंक्रियतेऽनेन, करणव्यत्तपत्या, पुनरलंकार शब्दोऽयमुपमा दिषु वर्तते) इणांरा मत मजुब काव्यशास्त्र रा ग्रंथ नै काव्यालंकार इण सारू कैवै है'क विणमें काव्यगत फूठरापा रौ निरदेस अर आख्यान कियौ जावै हैं। इणसूं आपां काव्य गाह्यमलङ्कारात् काव्य नैं ग्राह्य अर सिरै मानां हां। 'अलंकार' सबद रा दूजा अरथ रौ तिियास देखियौ जावै तो रुद्रदामन रा सिलालेख रै मुजब दूजा सईका ई. सं. में साहित्तिक गद्य अर पद्य में अलंक्रत करणौ जरुरी मांनीजतौ हौ। नाट्यसास्त्र में 36 लक्सण गिणाया है। नाट्य में बरतीजण वाला काव्य में इणांरौ वैवार व्हेतौ हौ धीरै-धीरै ऐ लक्सण लुपत व्हेता गया अर इणां मांय सूं कींलक्सणां नैं दण्डी ाद जूना आलंकारिक अलंकार रा रूप में अंगेजियौ। भूसण कै विभूसण नांम रा पैला लक्सण में अलंकारां अर गुणां रौ समावेस व्हियौ। 'नाट्यसास्त्र' में उपमा, रुपक, दीपक, यमक, ऐ च्यार अलंकार नाटक रा अलंकार मांनीजै। जैन सिद्धांत ग्रंथां में व्याकरण री सूचना रै अलावै काव्यरस उपमा, आद विद्-विद् रा अलंकारां रौ वरताव व्हियौ है। अनुयोग-द्वारसूत्र में नव रसां रै अलावै सूत्र रौ लक्सण बतावतां थकां कहीजियौ है। निद्दोसं सारमंतं च हेऊजुत्तम लंकियं। उवणीअं सोवयारं च मियं महुरमेव च।। मतलब- सूत्र-निरदोस, सारपूरम, हेतुवालौ, अलंक्रत, उपनीत-प्रस्तावना अर उपसंहारवालौ, सोपचार-अविरूद्धारथक अर अनुप्रासपूरम अर मित-अलपाखरी अर मधुर व्हैणौ चावै। वि. सं. रै सरू सूं पैली ईज जैनआचार्य कविता में कथावां लिखण री कैसीस करी ही। आचार्य पादलिप्त री तरंगवती, मलयवती, मगधसेना, संघदास गणि विरचित वसुदेवहिंडी अर धूरताख्यान इत्याद कथावां रौ लेखौ वि. सं. रा. पांचवा- छठा सईका मे रचिया थका भास्यां में आवै। ऐ ग्रंथ अलंकार रस सूं पूरण है। विक्रम रा सांतवा सईका रा विद्वान जिनदासगणि महत्तर अर आंठवा सीका रा आचार्य हरिभद्रसूरी रा ग्रंथां में कव्वालंकार रेहिं जुत्तमलंकियं काव्य नैं अलंकारां सूं पूरण अर अलंक्रत कह्यौ है। हरिभद्रसूरि आवश्यकसूत्र वृत्ति में कह्यौ है क सूत्र बत्तीस दोसां सूं मुगत अर ध्वनि अलंकार सूं पूरम व्हेणी चाहिजै। मतलब औ'क सूत्र इत्याद री भासा भलांई सीधी-सादी सुभाविक व्है, पण सबदालंकार सूं जुड़ियोडीचहिजै। इणसूं कविता रौ कलेवर भाव अर फूठरावा सूं दिप-दिप व्हा जावै है। चावै जैड़ी रूचीवाला रै ऐड़ी रचना हियै ढूक जावै। जूना कवियां में पुसपदंत आपरी रचना में रुद्रट आद काव्यालंकारिकां नैं याद करिया है। जिनवल्लभसूरी जिणांरौ देवलोक वि.सं. 1167 में व्हियौ रुद्रट, दंडी, भामह आद आलंकारिक सास्त्रां कीमिया (निपुण) हा। ऐड़ौ कहीजियौ है। आचार्य रतनप्रभसूरी री रची थकी नेमिनाथ चरित्र में अलंकार सास्त्र री विगतवार चरचा आवै है। इण तरै दूजा रा ग्रंथां में प्रसंग मुजब अलंकार अर रस विसै रा लेखा मिलै।6 भारत रा वांगमय में रस सबद रौ लेखौ वेद, पुराण, उपनिसद, रामायण, आयुरवेद ्"
https://www.aapanorajasthan.org/aapani%20bhasa.php,"र कामसूत्र आद विद विद रा ग्रंथां में मिलै है। उठै विणांरौ, अरथ ई न्यारौ न्यारौ लिरीजियौ है। साधारण रूप में रस सबद रै। बरताव, सिणगार आद काव्यरस, कसाय, तिक्त, कटु उनाद चाखणजोग पदारथ, घी आद चीकणा पदारथ अर जैर, जल निरयास (रुंखा सूं चवणवालौ तर पदारथ) पारद, राग अर वीरिया में व्है।7 काव्यसास्त्र में रस सबद रौ बरताव पारिभासिक अरथ में व्हियौ है। इण कारण रस्यते आस्वाद्यते इति रस: मतलब जकौ आस्वादित व्है वो रस है। न्यारा-न्यारा आचार्य साहित्त में रसास्वाद रै सम्बंध में न्यारा-न्यारा विचार परगट करिया है। ""अलंकारसास्त्री ग्रंथां नैं देखियां सूं औ पतौ पड़ै'क सगला अलंकार सास्त्री दो पखां मेंबंटिया थका है। पैला पख में लोग आवै, जकौ भारत- रा नाट्यसास्त्र रा विभावानुभाव व्याभिचारि संयोगाद् रसनिस्पतित्"
https://www.aapanorajasthan.org/aapani%20bhasa.php,"र विभावादि सूं परगट व्हेण वाला समाजिकां में वासाना रूप सूं थापित रत्यादि थिरभाव है। औ थिरभाव खास हेतालूं में थापित व्हेण पर भी साधरणी करण रै कारण सब मनमेल हिरदां में जुगपदअनुभूत व्हेण वालौ, आस्वाद, मात्र सरुप, विभावादि भावना में रैवणवालौ, अलौकिक, चमत्कारोत्पादक व्हेण सूं परबह्मास्वाद सहोदर अर (भावविभोर) मीचिया नेत्रां सूं कवी अर मनमेलू करी मारफत आस्वाद्यामान, स्वसंवेदन सिद्धरस कहीजै है। रामचन्द्र गुणचन्द्र री रस-सरुप विसै री मानता दूजा सब आचार्यां सूं आछी है। विणारै मुजब विभाव अर व्याभिचारीभाव आद री मारफत ऊँचाई पावण वालौ अर सपस्ट अनुभावां री मारफत जांण व्हेण वालौ थिरभाव रस कहीजै।ष इण सरुप री व्याख्या में हर छिण उदय अर अस्त धरम वाला अलेखूं व्याभिचारी भावां में जकौ अनुगत रुप सूं कास रूप सूं रैवै, विणनै थिरभाव कहीजियौ है। मतलब थिरभाव रै रैवण माथै ही विणरै रैवण अर विणरै नीं रैवण माथै व्याभिचारी भावां रै नीं रैवण सूं व्याभिचारी भाव रुप ग्लानि रै प्रति रत्यादि तै रूप सूं थिरभाव व्है वहै। ऐ व्याभिचारी भव आद सामग्री री मारफत पूरौ पाक'र रस रुप रत्यादि 'भवतीति भावः' इण जुतपत रै मुब भाव कहीजै है। विभावां मतलब ललना अर उद्यान आद आलम्बन अर उद्ददीपन विभाव बारला कारणां री मारफत पैला सूं विद्यमान थिरभाव उपजण सूं अर मनमेलुवां रै हिरदा में बैठोड़ी गलानी आदी व्याभिचारी भावां री मारफत परिपोसण सूं वदापौ पाय'र कै साक्सात्कारात्मक अनुभूयामानावस्था नैं प्राप्त, जथासम्भव दुख-सुख स्वभाववाला 'रस्यते आस्वाद्यते इति रसः' इण जुतपत रै मुजब आस्वाद्यमान वो ईज थिरभाव रस कहीजै है। उपरला विरोल सूं औ स्याप व्है जावै'क नाट्यदरपणकार रस नैं सुख-दुख रुप उभयात्मक मांनै है। अबै अठै एक साथे दो सवाल उठै है'क-कांई नाटयदरपणकार सगला नव रसां नैं सुख-दुखात्मक मानैं है ? कै कीं रसां नै सुखात्मक मांनै अर कीं नैं दुखात्मक। इण प्रसंग में नाट्यदरपणकारा री ऐ ओलियां देखण जोग है- तत्रेष्टविभावादिग्रथितस्वरुपसमप्त्तयः श्रृंगार-हास्य-वीर-अद्भूत-शान्ताः सुखात्मानः। अपरे पुनरनिष्टविभावाद्यपुनीतात्मानः करुण-रौद्र-वीभत्स-भयानकाश्चत्वारो दुःखात्मानः। मतलब इस्ट विभानादि री मारफत स्वरुप संपत्ति नैं प्रकासित करणवाला संग्रार हास्य, वी, अद्भूत, अर सान्त ऐ पांच सुखात्मक रस है और अनिस्ट विभावादि री मारफत स्वरुप लाभ करणवाला करुण, रौद्र, वीभत्स अर भयानक ऐ च्यार दुखात्मक रस है। नाटयदरपणकार कीं आचार्यां री अंग्रेजी थकी रस री सुखात्मकता रौ खण्डन करतां थकां लिखियौ है'क-सब रसां नैं सुखात्मक मांनणौ प्रतीति रै विपरीत है। क्यूं'क वास्तविक करुणादि विभावां री तौ बात ई छोड़ौ, विणसुं तौ दुख व्हैला ईज, पम काव्य (नाटक) आद में नटां री मारफत (अवास्तविक रूप में) दिखाईजण वाला अभिनय में प्राप्त विभावादि सूं उत्पन्न भयानक, वीभत्स, करुण अथवा रोद्र रस रौ आस्वादन करणवालौ व्यक्ति अवरणनजोग कस्ट मैसूस करै। इण कारण भयानक आद द्रस्यां सूं सामाजिक उद्विग्न व्है जावै है। जद'क सुखास्वादन में उद्विग्नता री कोई बात ईज नीं है। क्यूं'क लोग करुणा आद रसां सूं भी चमत्कार मैसू स करै, इण कारण विणरौ ईज समाधान करतां थकां पाछौ लिखियौ है'क-जकौ करुणा आद च्यार रसां सूं भी सामाजिकां में चमत्कार दीखै, वौ रसास्वाद रै समाप्त व्हियां पठै उठै थापित वस्तु रै प्रदरसन सूं कवी अर नट रा सक्ति-कौसल सूं व्है है। क्यूं'क सिरछेदकारी सतरू री कुसलाई सूं वीरता रा अभिमानी भी अचूंबा में पड़ जावै है, अर इणीं सखांग आनन्दानुभूति सूं कवी अर नटगत सक्ति सूं उपजियोड़ा चमत्कार री मारफत ठगियोड़ा सा विद्वान दुखात्मक करुम आद रसां में भी परमानन्द रुपता रौ अनुभव करै है। इणीं आस्वाद रा लोब सूं देखणिया भी मन करै, अर जिंण तरै पानक-रस रौ मीठास तीखौ सवाद सूं और ू घणौ आछौ लागै है। विण ई तरै (सुखात्मक रै साथै) दुखास्वाद में अणूंती सुखानूभति व्है है। नीं तौ सीताहरण, द्रोपदी रा केस अर वस्तर-आकरसण आद अभिनयां नैं देखणवाला मनमेलू नैं सुखसवाद कीकर सम्भव है? इणीं रै समरथन में दूजी युक्ति देवतां थकां लिखियौ है'क नट री मारफत करूणा आद प्रसंगां में कियौ जावण वालौ अभिनय दुखात्मक ही है। जेअनुकरण में विणनैं सुखात्मक मांनांला तौ वो सम्यक अनुकरण नीं व्हैला। जद'क विपरित व्हेण सूं आबास व्है जावैला. जकौ भाई-सेंणां रै विजोग सूं दुखी मिनखां रै सांमी करूणा आद रा वरणाव कै अभिनय सूं सुखानुभूति व्है है, वा भी जथारथ में दुखानुभूति ही है। क्यूंक दुखि मिनख दुखियां री बंतल सूं सुख जैड़ौ अनुभव करै है अर प्रमोदकारी बंतल सूं दुःखी व्है है। इण कारण करूणआ ाद रस दुखात्मक ही है। नरेन्द्रप्रभसूरि विभाव, अनुभाव अर व्याभिमाचीर भावां सूं परगट व्हेणवाला रत्यादि थिरभाव नैं रस कह्यौ है। पाछौ भरत-रस-सूत्र नैां पेस करता थका आचार्य मम्मट री तरै भट्टलोलट, संकुक, भट्टनायक अर अभिनवगुप्त रा रस विसयक् मतां रौ प्रतिपादन करियौ है। विजयवरणी नीरस काव्य नैं अलूणा साग री तरै अरूचीवालौ बतावता थका वाग्भट पैला री तरै विभाव, अनुभाव, सात्विक भाव अर व्याभिचारी भावां सूं परगट व्हेणवाला थिरभाव नैं रस कह्यौ है। इणीं तरै अजितसेन भी विभावादि च्यारां भावां सूं परगट व्हेण वाला थिरभाव नैं रस अंगेजियौ है। विभाव ाद कीकर रस रूप में बदल जावै है ? इणरौ विरोल करता थका वै लिखियौ है'क जिण तरै नवनीत पाकण री अवस्था पाय'र घी रुप नैं धारण करै है। विण ई तरै विभाव आद री मारफत पाक'र थिरभाव रस रूप नैं प्राप्त करै। वाग्भट दूजा विभाव, अनुभाव, अर व्याभिचारी भावां सूं परगट व्हेण वाला थिरभाव नैं रस कह्यौ है।"
https://www.aapanorajasthan.org/aapani%20bhasa.php,राजस्थानी रीति ग्रंथां रौ वीवरौ
https://www.aapanorajasthan.org/aapani%20bhasa.php,राजस्तानी संघर्ष समिति प्रेस नोट्स स्वामी विवेकानद अन्य ओळख द्वैमासिक कल्चर साप्ताहिक कानिया मानिया कुर्र त्रैमासिक गणपत गवरजा मासिक गुणज्ञान चौकसी पाक्षिक जलते दीप दैनिक जागती जोत मासिक जय श्री बालाजी झुणझुणीयो टाबर टोली पाक्षिक तनिमा मासिक तुमुल तुफानी साप्ताहिक देस-दिसावर मासिक नैणसी मासिक नेगचार प्रभात केसरी साप्ताहिक बाल वाटिका मासिक बिणजारो माणक मासिक मायड रो हेलो युगपक्ष दैनिक राजस्थली त्रैमासिक राजस्थान उद्घोष राजस्थानी गंगा त्रैमासिक राजस्थानी चिराग राष्ट्रोत्थान सार पाक्षिक लाडली भैंण लूर लोकमत दैनिक वरदा समाचार सफर पाक्षिक सूरतगढ़ टाईम्स पाक्षिक शेखावटी बोध
https://www.aapanorajasthan.org/aapani%20bhasa.php,सामान्य जाणकारी नगर अर संस्थापक प्रतीक चिहन कठे - कई राज.मांय प्रथम गौरवशाली प्रतिभायां
https://www.aapanorajasthan.org/aapani%20bhasa.php,राज्यपाल मुख्यमंत्री पूर्व मुख्यमंत्री मंत्री परिषद विधान सभा सदस्य लोक सभा सदस्य राज्य सभा सदस्य विकास योजनायां
https://www.aapanorajasthan.org/aapani%20bhasa.php,अजमेर अलवर उदयपुर करौली कोटा गंगानगर चितौड़गढ़ चूरु जयपुर जालौर जैसलमेर जोधपुर झालावाड़ झुन्झुनूं टोंक डूँग़रपुर दौसा धौलपुर नागौर पाली प्रतापगढ़ बाड़मेर बाँसवाड़ा बीकानेर बूँदी बारां भरतपुर सवाई माधोपुर राजसमन्द भीलवाड़ा सिरोही सीकर ह्नुमानगढ़
https://www.aapanorajasthan.org/aapani%20bhasa.php,पर्यावरण पानी रो उपयोग भवन निर्माण कला नया विज्ञान नई टेक्नोलोजी विकास की सम्भावनाएं
https://www.aapanorajasthan.org/aapani%20bhasa.php,इतिहास राजनीति विज्ञान शिक्षा में योगदान भारत रा युद्धा में राजस्थान रो योगदान
https://www.aapanorajasthan.org/aapani%20bhasa.php,खानपान प्रसिद्ध मिठाईयां मौसम रे अनुसार खान -पान
https://www.aapanorajasthan.org/aapani%20bhasa.php,विश्वविद्यालय इंजिन्यिरिग कालेज शिक्षा बोर्ड प्राथमिक शिक्षा
https://www.aapanorajasthan.org/aapani%20bhasa.php,एतिहासिक स्थल धार्मिक स्थल प्राकृतिक स्थल
https://www.aapanorajasthan.org/aapani%20bhasa.php,सेटेलाइट ऊ लीदो थको राजस्थान रो फोटो
https://www.aapanorajasthan.org/aapani%20bhasa.php,परमवीर चक्र विजेता मे. जनरल शैतान सिंह
https://www.aapanorajasthan.org/aapani%20bhasa.php,पेहलो पानो आपरी राय आपरा सवाल रा जवाब माणो पतो सहायता
https://www.aapanorajasthan.org/aapani%20bhasa.php,अखिल भारतीय राजस्थानी भाषा मान्यता संघर्षर् समिति
https://www.aapanorajasthan.org/aapani%20bhasa.php,साइट रा सर्जन कर्ता: ज्ञान गंगा ऑनलाइन
https://www.aapanorajasthan.org/index.php,आपाणो राजस्थान धरती धोरा री धरती मगरा री धरती चंबल री धरती मीरा री धरती वीरा री आपाणो राजस्थान री वेबसाइट रो
https://www.aapanorajasthan.org/index.php,समाचार पेहलो पानो आपरी राय आपरा सवाल रा जवाब माणो पतो सहायता राजस्थान रा जिला रो नक्शो (आभार राजस्थान पत्रिका)
https://www.aapanorajasthan.org/index.php,आपाणो राजस्थान आपाणी मायड भाषा राजस्थानी भाषा मोडिया लिपि पांडुलिपिया राजस्थानी व्याकरण साहित्यिक-सांस्कृतिक कोश भाषा संबंधी कवितावां इंटरनेट पर राजस्थानी राजस्थानी ऐस.ऐम.ऐस विद्वाना रा विचार राजस्थानी भाषा कार्यक्रम साहित्यकार प्रवासी साहित्यकार किताबा री सूची संस्थाया अर संघ लोकदेवता बाबा रामदेवजी गोगाजी चौहान वीर तेजाजी रावल मल्लिनाथजी मेहाजी मांगलिया हड़बूजी सांखला पाबूजी देवजी सिद्धपुरुष खेमा बाबा आलमजी केसरिया कंवर बभूतौ सिद्ध संत पीपाजी जोगिराज जालंधरनाथ भगत धन्नौ संत कूबाजी लोक देवियां जीण माता रूपांदे करनी माता आई माता माजीसा राणी भटियाणी महान विभूतिया मीराबाई महाराणा प्रताप पन्नाधाय ठा.केसरीसिंह बारहठ बप्पा रावल बादल व गोरा बिहारीमल चन्द्र सखी दादू दुर्गादास हाडी राणी जयमल अर पत्ता जोरावर सिंह बारहठ महाराणा कुम्भा कमलावती कविवर व्रिंद महाराणा लाखा रानी लीलावती मालदेव राठौड पद्मिनी रानी पृथ्वीसिंह पृथ्वीराज कवि प्रताप सिंह बारहठ राणा रतनसिंह राणा सांगा अमरसिंह राठौड रामसिंह राठौड अजयपाल जी राव प्रतापसिंह जी सूरजमल जी राव बीकाजी चित्रांगद मौर्यजी डूंगरसिंह जी गंगासिंह जी जनमेजय जी राव जोधाजी सवाई जयसिंहजी भाटी जैसलजी खिज्र खां जी किशनसिंह जी राठौड महारावल प्रतापसिंहजी रतनसिंहजी सूरतसिंहजी सरदार सिंह जी सुजानसिंहजी उम्मेदसिंह जी उदयसिंह जी सवतन्त्रता सेनानी मेजर शैतानसिंह सागरमल गोपा अर्जुनलाल सेठी रामचन्द्र नन्दवाना भुगोल जलवायु जिला ग़ाँव तालुका ढ़ाणियाँ जनसंख्या इतिहास वीर योद्धा महापुरुष किला ऐतिहासिक युद्ध स्वतन्त्रता संग्राम वीरा री वाता धर्म-संस्कृति-साहित्य धार्मिक स्थान धर्म - सम्प्रदाय मेले सांस्कृतिक संस्थान रामायण राजस्थानी व्रत-कथायां राजस्थानी भजन कला-साहित्य-भाषा भाषा व्याकरण लोकग़ीत लोकनाटय चित्रकला मूर्तिकला स्थापत्यकला कहावता दूहा कविता समाज वेशभूषा जातियाँ तीज- तेवार शादी-ब्याह काचँ करियावर ब्याव रा कार्ड्स अर्थशास्त्र व्यापार-व्यापारी प्राकृतिक संसाधन उद्यम- उद्यमी राजस्थानी रचनाया राजस्थानी वातां कहाणियां राजस्थानी गजला हास्य - पहेली टुणकला हंसीकावां हास्य कवितावां पहेलियां गळगचिया टाबरा रे वास्ते टाबरां री पोथी टाबरा री कहाणियां टाबरां रा गीत टाबरां री कवितावां वेबसाइट वास्ते मिली चिट्ठियां री सूची राजस्थानी भाषा रे ब्लोग राजस्थानी भाषा री दूजी वेबसाईटा सलाहकार ऱी सूचि राजेन्द्रसिंह बारहठ देव कोठारी सत्यनारायण सोनी पद्मचंदजी मेहता भवनलालजी रवि पुरोहितजी पधारो सा आपाणो राजस्थाहा।
https://www.aapanorajasthan.org/index.php,"राजस्थानी भाषा नें मान्यता वास्ते प्रयास राजस्थानी भाषा री पत्र-पत्रिकावा राजस्तानी संघर्ष समिति प्रेस नोट्स स्वामी विवेकानद अन्य ओळख द्वैमासिक कल्चर साप्ताहिक कानिया मानिया कुर्र त्रैमासिक गणपत गवरजा मासिक गुणज्ञान चौकसी पाक्षिक जलते दीप दैनिक जागती जोत मासिक जय श्री बालाजी झुणझुणीयो टाबर टोली पाक्षिक तनिमा मासिक तुमुल तुफानी साप्ताहिक देस-दिसावर मासिक नैणसी मासिक नेगचार प्रभात केसरी साप्ताहिक बाल वाटिका मासिक बिणजारो माणक मासिक मायड रो हेलो युगपक्ष दैनिक राजस्थली त्रैमासिक राजस्थान उद्घोष राजस्थानी गंगा त्रैमासिक राजस्थानी चिराग राष्ट्रोत्थान सार पाक्षिक लाडली भैंण लूर लोकमत दैनिक वरदा समाचार सफर पाक्षिक सूरतगढ़ टाईम्स पाक्षिक शेखावटी बोध राजस्थानी धार्मिक संगीत ओडियो महिमा भीखण री राज:खास जाणकारी सामान्य जाणकारी नगर अर संस्थापक प्रतीक चिहन कठे - कई राज.मांय प्रथम गौरवशाली प्रतिभायां राजनैतिक परिपेक्ष्य राज्यपाल मुख्यमंत्री पूर्व मुख्यमंत्री मंत्री परिषद विधान सभा सदस्य लोक सभा सदस्य राज्य सभा सदस्य विकास योजनायां जिला री जाणकार अजमेर अलवर उदयपुर करौली कोटा गंगानगर चितौड़गढ़ चूरु जयपुर जालौर जैसलमेर जोधपुर झालावाड़ झुन्झुनूं टोंक डूँग़रपुर दौसा धौलपुर नागौर पाली प्रतापगढ़ बाड़मेर बाँसवाड़ा बीकानेर बूँदी बारां भरतपुर सवाई माधोपुर राजसमन्द भीलवाड़ा सिरोही सीकर ह्नुमानगढ़ विज्ञान ने टेक्नोलोजी पर्यावरण पानी रो उपयोग भवन निर्माण कला नया विज्ञान नई टेक्नोलोजी विकास की सम्भावनाएं वर्त्तमान राजस्थान इतिहास राजनीति विज्ञान शिक्षा में योगदान भारत रा युद्धा में राजस्थान रो योगदान खान-पान खानपान प्रसिद्ध मिठाईयां मौसम रे अनुसार खान -पान शिक्षा व संस्थान विश्वविद्यालय इंजिन्यिरिग कालेज शिक्षा बोर्ड प्राथमिक शिक्षा घुमवा री जगहा एतिहासिक स्थल धार्मिक स्थल प्राकृतिक स्थल फिल्म राजस्थानी फिल्मा हिन्दी फिल्मा में राजस्थान रो योगदान सेटेलाइट ऊ लीदो थको राजस्थान रो फोटो राजस्थान रा सूरमा माननीय श्री श्रीमती वसुन्धरा राजे सिन्धिया परमवीर चक्र विजेता मे. जनरल शैतान सिंह माननीय श्री भैरोसिंह जी शेखावत सा राष्ट्रीय अध्यक्ष, अखिल भारतीय राजस्थानी भाषा मान्यता संघर्ष समिति माननीय श्री डॉ.अभिषेक मनु जी सिघंवी केबिनेट मंत्रीजी, सड़क परिवहन और हाईवे मंत्रालय, श्रीमान चन्द्र प्रकाश जी जोशी प्रसिद्ध उधोगपति श्रीमान कुमार मंगलम जी बिडला प्रसिद्ध उधोगपति श्रीमान राहुल जी बजाज भूतपूर्व माननीय वित्तमंत्री जी श्रीमान जसवंत सिंह जी प्रसिद्ध उधोगपति श्रीमान लक्ष्मीनारायण जी मित्तल आप भला तो जगभलो नीतरं भलो न कोय । आस रे थांबे आसमान टिक्योडो । पेहलो पानो आपरी राय आपरा सवाल रा जवाब माणो पतो सहायता अ आ इ ई उ ऊ ए ऐ ओ औ अं अ: क ख ग घ च छ ज झ ञ ट ठ ड ढ़ ण त थ द ध न प फ ब भ म य र ल व श ष स ह ळ क्ष त्र ज्ञ साइट रा सर्जन कर्ता: ज्ञान गंगा ऑनलाइन डा. सुरेन्द्र सिंह पोखरणा, बी-71 पृथ्वी टावर, जोधपुर चार रास्ता, अहमदाबाद-380015 फोन न.: 26925850, मोबाईल: 09825646519, ई-मेल:"
https://www.aapanorajasthan.org/index.php,"राजस्थानी भाषा नें मान्यता वास्ते प्रयास राजस्थानी भाषा री पत्र-पत्रिकावा राजस्तानी संघर्ष समिति प्रेस नोट्स स्वामी विवेकानद अन्य ओळख द्वैमासिक कल्चर साप्ताहिक कानिया मानिया कुर्र त्रैमासिक गणपत गवरजा मासिक गुणज्ञान चौकसी पाक्षिक जलते दीप दैनिक जागती जोत मासिक जय श्री बालाजी झुणझुणीयो टाबर टोली पाक्षिक तनिमा मासिक तुमुल तुफानी साप्ताहिक देस-दिसावर मासिक नैणसी मासिक नेगचार प्रभात केसरी साप्ताहिक बाल वाटिका मासिक बिणजारो माणक मासिक मायड रो हेलो युगपक्ष दैनिक राजस्थली त्रैमासिक राजस्थान उद्घोष राजस्थानी गंगा त्रैमासिक राजस्थानी चिराग राष्ट्रोत्थान सार पाक्षिक लाडली भैंण लूर लोकमत दैनिक वरदा समाचार सफर पाक्षिक सूरतगढ़ टाईम्स पाक्षिक शेखावटी बोध राजस्थानी धार्मिक संगीत ओडियो महिमा भीखण री राज:खास जाणकारी सामान्य जाणकारी नगर अर संस्थापक प्रतीक चिहन कठे - कई राज.मांय प्रथम गौरवशाली प्रतिभायां राजनैतिक परिपेक्ष्य राज्यपाल मुख्यमंत्री पूर्व मुख्यमंत्री मंत्री परिषद विधान सभा सदस्य लोक सभा सदस्य राज्य सभा सदस्य विकास योजनायां जिला री जाणकार अजमेर अलवर उदयपुर करौली कोटा गंगानगर चितौड़गढ़ चूरु जयपुर जालौर जैसलमेर जोधपुर झालावाड़ झुन्झुनूं टोंक डूँग़रपुर दौसा धौलपुर नागौर पाली प्रतापगढ़ बाड़मेर बाँसवाड़ा बीकानेर बूँदी बारां भरतपुर सवाई माधोपुर राजसमन्द भीलवाड़ा सिरोही सीकर ह्नुमानगढ़ विज्ञान ने टेक्नोलोजी पर्यावरण पानी रो उपयोग भवन निर्माण कला नया विज्ञान नई टेक्नोलोजी विकास की सम्भावनाएं वर्त्तमान राजस्थान इतिहास राजनीति विज्ञान शिक्षा में योगदान भारत रा युद्धा में राजस्थान रो योगदान खान-पान खानपान प्रसिद्ध मिठाईयां मौसम रे अनुसार खान -पान शिक्षा व संस्थान विश्वविद्यालय इंजिन्यिरिग कालेज शिक्षा बोर्ड प्राथमिक शिक्षा घुमवा री जगहा एतिहासिक स्थल धार्मिक स्थल प्राकृतिक स्थल फिल्म राजस्थानी फिल्मा हिन्दी फिल्मा में राजस्थान रो योगदान सेटेलाइट ऊ लीदो थको राजस्थान रो फोटो राजस्थान रा सूरमा माननीय श्री श्रीमती वसुन्धरा राजे सिन्धिया परमवीर चक्र विजेता मे. जनरल शैतान सिंह माननीय श्री भैरोसिंह जी शेखावत सा राष्ट्रीय अध्यक्ष, अखिल भारतीय राजस्थानी भाषा मान्यता संघर्ष समिति माननीय श्री डॉ.अभिषेक मनु जी सिघंवी केबिनेट मंत्रीजी, सड़क परिवहन और हाईवे मंत्रालय, श्रीमान चन्द्र प्रकाश जी जोशी प्रसिद्ध उधोगपति श्रीमान कुमार मंगलम जी बिडला प्रसिद्ध उधोगपति श्रीमान राहुल जी बजाज भूतपूर्व माननीय वित्तमंत्री जी श्रीमान जसवंत सिंह जी प्रसिद्ध उधोगपति श्रीमान लक्ष्मीनारायण जी मित्तल आप भला तो जगभलो नीतरं भलो न कोय । आस रे थांबे आसमान टिक्योडो ।"
https://www.aapanorajasthan.org/index.php,आपाणो राजस्थान आपाणी मायड भाषा राजस्थानी भाषा मोडिया लिपि पांडुलिपिया राजस्थानी व्याकरण साहित्यिक-सांस्कृतिक कोश भाषा संबंधी कवितावां इंटरनेट पर राजस्थानी राजस्थानी ऐस.ऐम.ऐस विद्वाना रा विचार राजस्थानी भाषा कार्यक्रम साहित्यकार प्रवासी साहित्यकार किताबा री सूची संस्थाया अर संघ लोकदेवता बाबा रामदेवजी गोगाजी चौहान वीर तेजाजी रावल मल्लिनाथजी मेहाजी मांगलिया हड़बूजी सांखला पाबूजी देवजी सिद्धपुरुष खेमा बाबा आलमजी केसरिया कंवर बभूतौ सिद्ध संत पीपाजी जोगिराज जालंधरनाथ भगत धन्नौ संत कूबाजी लोक देवियां जीण माता रूपांदे करनी माता आई माता माजीसा राणी भटियाणी महान विभूतिया मीराबाई महाराणा प्रताप पन्नाधाय ठा.केसरीसिंह बारहठ बप्पा रावल बादल व गोरा बिहारीमल चन्द्र सखी दादू दुर्गादास हाडी राणी जयमल अर पत्ता जोरावर सिंह बारहठ महाराणा कुम्भा कमलावती कविवर व्रिंद महाराणा लाखा रानी लीलावती मालदेव राठौड पद्मिनी रानी पृथ्वीसिंह पृथ्वीराज कवि प्रताप सिंह बारहठ राणा रतनसिंह राणा सांगा अमरसिंह राठौड रामसिंह राठौड अजयपाल जी राव प्रतापसिंह जी सूरजमल जी राव बीकाजी चित्रांगद मौर्यजी डूंगरसिंह जी गंगासिंह जी जनमेजय जी राव जोधाजी सवाई जयसिंहजी भाटी जैसलजी खिज्र खां जी किशनसिंह जी राठौड महारावल प्रतापसिंहजी रतनसिंहजी सूरतसिंहजी सरदार सिंह जी सुजानसिंहजी उम्मेदसिंह जी उदयसिंह जी सवतन्त्रता सेनानी मेजर शैतानसिंह सागरमल गोपा अर्जुनलाल सेठी रामचन्द्र नन्दवाना भुगोल जलवायु जिला ग़ाँव तालुका ढ़ाणियाँ जनसंख्या इतिहास वीर योद्धा महापुरुष किला ऐतिहासिक युद्ध स्वतन्त्रता संग्राम वीरा री वाता धर्म-संस्कृति-साहित्य धार्मिक स्थान धर्म - सम्प्रदाय मेले सांस्कृतिक संस्थान रामायण राजस्थानी व्रत-कथायां राजस्थानी भजन कला-साहित्य-भाषा भाषा व्याकरण लोकग़ीत लोकनाटय चित्रकला मूर्तिकला स्थापत्यकला कहावता दूहा कविता समाज वेशभूषा जातियाँ तीज- तेवार शादी-ब्याह काचँ करियावर ब्याव रा कार्ड्स अर्थशास्त्र व्यापार-व्यापारी प्राकृतिक संसाधन उद्यम- उद्यमी राजस्थानी रचनाया राजस्थानी वातां कहाणियां राजस्थानी गजला हास्य - पहेली टुणकला हंसीकावां हास्य कवितावां पहेलियां गळगचिया टाबरा रे वास्ते टाबरां री पोथी टाबरा री कहाणियां टाबरां रा गीत टाबरां री कवितावां वेबसाइट वास्ते मिली चिट्ठियां री सूची राजस्थानी भाषा रे ब्लोग राजस्थानी भाषा री दूजी वेबसाईटा सलाहकार ऱी सूचि राजेन्द्रसिंह बारहठ देव कोठारी सत्यनारायण सोनी पद्मचंदजी मेहता भवनलालजी रवि पुरोहितजी
https://www.aapanorajasthan.org/news.php,आपाणो राजस्थान - समाचार लेटेस्ट कोई समाचार उपलब्ध नहीं है।
https://www.aapanorajasthan.org/help.php,कोई भी माहिती की प्रिंट निकालने के लिए आपको इतना अनुसरना है
https://www.aapanorajasthan.org/help.php,जरुरी माहिती को सिलेक्ट कीजिये
https://www.aapanorajasthan.org/help.php,हिंदी में टाइप करने के लिए मददगार होगा
https://www.marwaripathshala.com/cultural-background-marwari-pathshala,"हिंदी अनुवाद - मारवाड़ी से तात्पर्य उन व्यक्तियों से है जो स्वयं अथवा जिनके पूर्वज राजस्थान, हरियाणा, मालवा एवं उनके समीपवर्ती भू-भागों के मूल निवासी हों अथवा रहे हों, तथा जो उक्त क्षेत्र की संस्कृति, परंपरा तथा रीति रिवाज का पूर्ण अथवा आंशिक रूप से पालन करते हैं तथा स्वयं को मारवाड़ी मानते हैं। मारवाड़ी व्यक्ति की पत्नी, भले ही वो उपरोक्त सारी शर्तें पूरी नहीं करती हो, भी मारवाड़ी मानी जाएगी यदि वो स्वयं को मारवाड़ी मानती हो। गैर मारवाड़ी व्यक्ति से शादी करने वाली मारवाड़ी महिला को भी मारवाड़ी माना जाएगा यदि वो स्वयं को मारवाड़ी मानती हो"
https://www.marwaripathshala.com/cultural-background-marwari-pathshala,". मारवाड़ी अरथ वो लोग है जका खुद या जिणां रा पूर्वज राजस्थान, हरियाणा, मालवा अर आसै-पासै रा इलाका रा मूल निवासी है या रैया है, अर जिका उक्त क्षेत्र री संस्कृति, परम्परा अर रीत-रिवाजां रो पूरो-पूरो या आंशिक रूप सूं पालन करै है अर खुद नै मारवाड़ी मानै है। मारवाड़ी मिनख री पत्नी भले ही उपरोक्त सारी शर्तां पूरी न करे पण वा खुद ने मारवाड़ी माने तो मारवाड़ी भी मानी जावेगी। गैर मारवाड़ी मिनख सूं ब्याव करण आळी मारवाड़ी स्त्री खुद नै मारवाड़ी मानै तो मारवाड़ी मानीजैला। मारवाड़ क्षेत्र री समृद्ध संस्कृति अर परंपरावां भारत री सामाजिक, आर्थिक अर सांस्कृतिक परिदृश्य पर गहिरो प्रभाव राख्या है। अपणी उद्यमशीलता अर व्यापारिक कौशल खातर प्रसिद्ध, मारवाड़ी समुदाय देश अर विदेश में व्यापार जगत में आपरो विशेष स्थान बनायो है। हालाँकि, बदलता जमाना अर वैश्वीकरण री चुनौतियावां के बीच, अपणी संस्कृति अर भाषा ने बचाय राखण खातर प्रयास जरूरी है। ए दिशा में 'मारवाड़ी पाठशाला' ज्यूँ संस्थावां महत्त्वपूर्ण भूमिका निभा री है। मारवाड़ी संस्कृति रो इतिहास 'मारवाड़ी' शब्द रो उद्गम 'मारवाड़' क्षेत्र सूं है, जिको राजस्थान रो पश्चिमी भाग है। इतिहास में, मारवाड़ी व्यापारी आपरी व्यापारिक कुशलता अर वित्तीय ज्ञान खातर प्रसिद्ध रहा। विभिन्न कारणां सूं, ज्यूँ व्यापारिक मार्गां री निकटता, अकाल सूं बचण अर विभिन्न शासकां रो प्रोत्साहन, इ व्यापारी देश अर विदेश में आपरो व्यापार फैलायो। ब्रिटिश काल में, इ कोलकाता, मुंबई अर चेन्नई ज्यूँ शहरां में आपरो व्यापारिक साम्राज्य स्थापित करियो। आपरी अनुकूलन क्षमता अर व्यापारिक कौशल सूं, इ 1950 री दशक तक जूट, कपास अर चीनी ज्यूँ क्षेत्रों में प्रमुख बन गया। संस्कृति अर परंपरावां मारवाड़ी संस्कृति रंग-बिरंगी परंपरावां, मूल्यान अर अनूठी भाषा सूं समृद्ध है। तीज अर गणगौर ज्यूँ त्यौहार, विवाह री रीति-रिवाज, अर पिचवाई चित्रकला अर बंधेज वस्त्र ज्यूँ कला रूप, समुदाय री समृद्ध विरासत ने दर्शावै है। बुजुर्गां रो सम्मान, परिवार री एकता अर सामुदायिक कल्याण ज्यूँ मूल्य, समुदाय री आत्मा में बसेला है, जिकां सूं व्यक्तिगत चरित्र अर सामुदायिक संबंध मजबूत होवै है। 'मारवाड़ी पाठशाला' री भूमिका वैश्वीकरण अर तकनीकी प्रगति री चुनौतियावां के बीच, मारवाड़ी संस्कृति ने बचाय राखण अर अगली पीढ़ी तक पहुँचावण खातर 'मारवाड़ी पाठशाला' ज्यूँ संस्थावां महत्त्वपूर्ण भूमिका निभा री है।ए संस्थावां मारवाड़ी भाषा री शिक्षा, मौखिक इतिहास रो दस्तावेजीकरण, अर पारंपरिक कला रूपां ने प्रोत्साहित कर, समुदाय री विरासत ने संरक्षित अर प्रोत्साहित कर री है। वर्तमान परिदृश्य आज, मारवाड़ी समुदाय भारत री व्यापारिक दुनिया में आपरो प्रभाव बनाय राख्या है, अर कई प्रमुख उद्योग समूहां रो मूल मारवाड़ी उद्यमीयां सूं है। हालाँकि, 1991 री आर्थिक सुधारां के बाद, नए उद्योग अर प्रतिस्पर्धा री चुनौतियावां सामण आयी। फिर भी, मारवाड़ी समुदाय आपरी अनुकूलन क्षमता अर सांस्कृतिक मूल्यां सूं, बदलता आर्थिक परिदृश्य में आपरो स्थान बनाय राख्या है। भविष्य री ओर मारवाड़ी संस्कृति रो भविष्य, समुदाय री अनुकूलन क्षमता अर आपरी समृद्ध विरासत ने बचाय राखण पर निर्भर है।'मारवाड़ी पाठशाला' ज्यूँ संस्थावां ए यात्रा में महत्त्वपूर्ण भूमिका निभा री है, जिकां सूं सांस्कृतिक शिक्षा अर सहभागिता खातर मंच प्रदान होवै है। पारंपरिक मूल्यां ने आधुनिक शिक्षा सूं जोड़, सामुदायिक सहभागिता ने बढ़ावा देवण अर डिजिटल मंचां रो उपयोग कर, मारवाड़ी समुदाय आपरी संस्कृति ने जीवंत अर प्रासंगिक बनाय राखण में सक्षम होवै है। अंत में, राजस्थान री मरुभूमि सूं लेके, भारत री आर्थिक अर सांस्कृतिक परिदृश्य में आपरो विशेष स्थान बनावण री मारवाड़ी समुदाय री यात्रा, आपरी दृढ़ता, अनुकूलन क्षमता अर विरासत प्रति अटूट प्रतिबद्धता रो प्रमाण है। सांस्कृतिक संरक्षण अर शिक्षा खातर समर्पित प्रयासां सूं, मारवाड़ी विरासत भविष्य में भी फलीभूत होवैगी, अर भारत री विविध संस्कृति ने समृद्ध करैगी।"
https://www.marwaripathshala.com/cultural-background-marwari-pathshala,"मारवाड़ क्षेत्र री समृद्ध संस्कृति अर परंपरावां भारत री सामाजिक, आर्थिक अर सांस्कृतिक परिदृश्य पर गहिरो प्रभाव राख्या है। अपणी उद्यमशीलता अर व्यापारिक कौशल खातर प्रसिद्ध, मारवाड़ी समुदाय देश अर विदेश में व्यापार जगत में आपरो विशेष स्थान बनायो है। हालाँकि, बदलता जमाना अर वैश्वीकरण री चुनौतियावां के बीच, अपणी संस्कृति अर भाषा ने बचाय राखण खातर प्रयास जरूरी है। ए दिशा में 'मारवाड़ी पाठशाला' ज्यूँ संस्थावां महत्त्वपूर्ण भूमिका निभा री है। मारवाड़ी संस्कृति रो इतिहास 'मारवाड़ी' शब्द रो उद्गम 'मारवाड़' क्षेत्र सूं है, जिको राजस्थान रो पश्चिमी भाग है। इतिहास में, मारवाड़ी व्यापारी आपरी व्यापारिक कुशलता अर वित्तीय ज्ञान खातर प्रसिद्ध रहा। विभिन्न कारणां सूं, ज्यूँ व्यापारिक मार्गां री निकटता, अकाल सूं बचण अर विभिन्न शासकां रो प्रोत्साहन, इ व्यापारी देश अर विदेश में आपरो व्यापार फैलायो। ब्रिटिश काल में, इ कोलकाता, मुंबई अर चेन्नई ज्यूँ शहरां में आपरो व्यापारिक साम्राज्य स्थापित करियो। आपरी अनुकूलन क्षमता अर व्यापारिक कौशल सूं, इ 1950 री दशक तक जूट, कपास अर चीनी ज्यूँ क्षेत्रों में प्रमुख बन गया। संस्कृति अर परंपरावां मारवाड़ी संस्कृति रंग-बिरंगी परंपरावां, मूल्यान अर अनूठी भाषा सूं समृद्ध है। तीज अर गणगौर ज्यूँ त्यौहार, विवाह री रीति-रिवाज, अर पिचवाई चित्रकला अर बंधेज वस्त्र ज्यूँ कला रूप, समुदाय री समृद्ध विरासत ने दर्शावै है। बुजुर्गां रो सम्मान, परिवार री एकता अर सामुदायिक कल्याण ज्यूँ मूल्य, समुदाय री आत्मा में बसेला है, जिकां सूं व्यक्तिगत चरित्र अर सामुदायिक संबंध मजबूत होवै है। 'मारवाड़ी पाठशाला' री भूमिका वैश्वीकरण अर तकनीकी प्रगति री चुनौतियावां के बीच, मारवाड़ी संस्कृति ने बचाय राखण अर अगली पीढ़ी तक पहुँचावण खातर 'मारवाड़ी पाठशाला' ज्यूँ संस्थावां महत्त्वपूर्ण भूमिका निभा री है।ए संस्थावां मारवाड़ी भाषा री शिक्षा, मौखिक इतिहास रो दस्तावेजीकरण, अर पारंपरिक कला रूपां ने प्रोत्साहित कर, समुदाय री विरासत ने संरक्षित अर प्रोत्साहित कर री है। वर्तमान परिदृश्य आज, मारवाड़ी समुदाय भारत री व्यापारिक दुनिया में आपरो प्रभाव बनाय राख्या है, अर कई प्रमुख उद्योग समूहां रो मूल मारवाड़ी उद्यमीयां सूं है। हालाँकि, 1991 री आर्थिक सुधारां के बाद, नए उद्योग अर प्रतिस्पर्धा री चुनौतियावां सामण आयी। फिर भी, मारवाड़ी समुदाय आपरी अनुकूलन क्षमता अर सांस्कृतिक मूल्यां सूं, बदलता आर्थिक परिदृश्य में आपरो स्थान बनाय राख्या है। भविष्य री ओर मारवाड़ी संस्कृति रो भविष्य, समुदाय री अनुकूलन क्षमता अर आपरी समृद्ध विरासत ने बचाय राखण पर निर्भर है।'मारवाड़ी पाठशाला' ज्यूँ संस्थावां ए यात्रा में महत्त्वपूर्ण भूमिका निभा री है, जिकां सूं सांस्कृतिक शिक्षा अर सहभागिता खातर मंच प्रदान होवै है। पारंपरिक मूल्यां ने आधुनिक शिक्षा सूं जोड़, सामुदायिक सहभागिता ने बढ़ावा देवण अर डिजिटल मंचां रो उपयोग कर, मारवाड़ी समुदाय आपरी संस्कृति ने जीवंत अर प्रासंगिक बनाय राखण में सक्षम होवै है। अंत में, राजस्थान री मरुभूमि सूं लेके, भारत री आर्थिक अर सांस्कृतिक परिदृश्य में आपरो विशेष स्थान बनावण री मारवाड़ी समुदाय री यात्रा, आपरी दृढ़ता, अनुकूलन क्षमता अर विरासत प्रति अटूट प्रतिबद्धता रो प्रमाण है। सांस्कृतिक संरक्षण अर शिक्षा खातर समर्पित प्रयासां सूं, मारवाड़ी विरासत भविष्य में भी फलीभूत होवैगी, अर भारत री विविध संस्कृति ने समृद्ध करैगी।"
https://www.marwaripathshala.com/cultural-background-marwari-pathshala,"मारवाड़ क्षेत्र री समृद्ध संस्कृति अर परंपरावां भारत री सामाजिक, आर्थिक अर सांस्कृतिक परिदृश्य पर गहिरो प्रभाव राख्या है। अपणी उद्यमशीलता अर व्यापारिक कौशल खातर प्रसिद्ध, मारवाड़ी समुदाय देश अर विदेश में व्यापार जगत में आपरो विशेष स्थान बनायो है। हालाँकि, बदलता जमाना अर वैश्वीकरण री चुनौतियावां के बीच, अपणी संस्कृति अर भाषा ने बचाय राखण खातर प्रयास जरूरी है। ए दिशा में 'मारवाड़ी पाठशाला' ज्यूँ संस्थावां महत्त्वपूर्ण भूमिका निभा री है।"
https://www.marwaripathshala.com/cultural-background-marwari-pathshala,"'मारवाड़ी' शब्द रो उद्गम 'मारवाड़' क्षेत्र सूं है, जिको राजस्थान रो पश्चिमी भाग है। इतिहास में, मारवाड़ी व्यापारी आपरी व्यापारिक कुशलता अर वित्तीय ज्ञान खातर प्रसिद्ध रहा। विभिन्न कारणां सूं, ज्यूँ व्यापारिक मार्गां री निकटता, अकाल सूं बचण अर विभिन्न शासकां रो प्रोत्साहन, इ व्यापारी देश अर विदेश में आपरो व्यापार फैलायो। ब्रिटिश काल में, इ कोलकाता, मुंबई अर चेन्नई ज्यूँ शहरां में आपरो व्यापारिक साम्राज्य स्थापित करियो। आपरी अनुकूलन क्षमता अर व्यापारिक कौशल सूं, इ 1950 री दशक तक जूट, कपास अर चीनी ज्यूँ क्षेत्रों में प्रमुख बन गया।"
https://www.marwaripathshala.com/cultural-background-marwari-pathshala,"मारवाड़ी संस्कृति रंग-बिरंगी परंपरावां, मूल्यान अर अनूठी भाषा सूं समृद्ध है। तीज अर गणगौर ज्यूँ त्यौहार, विवाह री रीति-रिवाज, अर पिचवाई चित्रकला अर बंधेज वस्त्र ज्यूँ कला रूप, समुदाय री समृद्ध विरासत ने दर्शावै है। बुजुर्गां रो सम्मान, परिवार री एकता अर सामुदायिक कल्याण ज्यूँ मूल्य, समुदाय री आत्मा में बसेला है, जिकां सूं व्यक्तिगत चरित्र अर सामुदायिक संबंध मजबूत होवै है।"
https://www.marwaripathshala.com/cultural-background-marwari-pathshala,"वैश्वीकरण अर तकनीकी प्रगति री चुनौतियावां के बीच, मारवाड़ी संस्कृति ने बचाय राखण अर अगली पीढ़ी तक पहुँचावण खातर 'मारवाड़ी पाठशाला' ज्यूँ संस्थावां महत्त्वपूर्ण भूमिका निभा री है।ए संस्थावां मारवाड़ी भाषा री शिक्षा, मौखिक इतिहास रो दस्तावेजीकरण, अर पारंपरिक कला रूपां ने प्रोत्साहित कर, समुदाय री विरासत ने संरक्षित अर प्रोत्साहित कर री है।"
https://www.marwaripathshala.com/cultural-background-marwari-pathshala,"आज, मारवाड़ी समुदाय भारत री व्यापारिक दुनिया में आपरो प्रभाव बनाय राख्या है, अर कई प्रमुख उद्योग समूहां रो मूल मारवाड़ी उद्यमीयां सूं है। हालाँकि, 1991 री आर्थिक सुधारां के बाद, नए उद्योग अर प्रतिस्पर्धा री चुनौतियावां सामण आयी। फिर भी, मारवाड़ी समुदाय आपरी अनुकूलन क्षमता अर सांस्कृतिक मूल्यां सूं, बदलता आर्थिक परिदृश्य में आपरो स्थान बनाय राख्या है।"
https://www.marwaripathshala.com/cultural-background-marwari-pathshala,"मारवाड़ी संस्कृति रो भविष्य, समुदाय री अनुकूलन क्षमता अर आपरी समृद्ध विरासत ने बचाय राखण पर निर्भर है।'मारवाड़ी पाठशाला' ज्यूँ संस्थावां ए यात्रा में महत्त्वपूर्ण भूमिका निभा री है, जिकां सूं सांस्कृतिक शिक्षा अर सहभागिता खातर मंच प्रदान होवै है। पारंपरिक मूल्यां ने आधुनिक शिक्षा सूं जोड़, सामुदायिक सहभागिता ने बढ़ावा देवण अर डिजिटल मंचां रो उपयोग कर, मारवाड़ी समुदाय आपरी संस्कृति ने जीवंत अर प्रासंगिक बनाय राखण में सक्षम होवै है।"
https://www.marwaripathshala.com/cultural-background-marwari-pathshala,"अंत में, राजस्थान री मरुभूमि सूं लेके, भारत री आर्थिक अर सांस्कृतिक परिदृश्य में आपरो विशेष स्थान बनावण री मारवाड़ी समुदाय री यात्रा, आपरी दृढ़ता, अनुकूलन क्षमता अर विरासत प्रति अटूट प्रतिबद्धता रो प्रमाण है। सांस्कृतिक संरक्षण अर शिक्षा खातर समर्पित प्रयासां सूं, मारवाड़ी विरासत भविष्य में भी फलीभूत होवैगी, अर भारत री विविध संस्कृति ने समृद्ध करैगी।"
https://www.marwaripathshala.com/marwari-lok-devis-and-devtas-marwari-pathshala,समस्त सतियो के चरणों में सादर नमन जय श्री दादीजी की
https://1iwd.com/marwadi-bhasha/,राजस्थान की एक महत्वपूर्ण भाषा है
https://1iwd.com/marwadi-bhasha/,"की उत्पत्ति समझने के लिए भारतीय उपमहाद्वीप की भाषाओं के विकास पर ध्यान देना होगा। इसकी मूल रूप संस्कृत और प्राकृत जैसी प्राचीन आर्य भाषाओं में है। वैदिक काल में, संस्कृत एक मुख्य भाषा थी जो समाज के उच्च वर्गों द्वारा प्रयोग की जाती थी। हालांकि, आम लोगों के लिए साधारण प्राकृत भाषाएं संवाद के लिए विकसित हुईं। इनमें से कुछ जैसे शौरसेनी और महाराष्ट्र प्राकृत ने बाद में अलग-अलग रूप लिए, जिसे हम अपभ्रंश कहते हैं। शौरसेनी अपभ्रंश ने राजस्थान और गुजरात की स्थानीय बोलियों के साथ मिलकर एक नई पहचान बनाई, जो आखिरकार राजस्थानी और उसकी उप-भाषाओं के रूप में विकसित हुई।"
https://1iwd.com/marwadi-bhasha/,"मौखिक परंपरा के माध्यम से भी जीवित थी। भक्ति आंदोलन ने मारवाड़ी भाषा पर भी व्यापक प्रभाव डाला। संत दादूदयाल, रामदेवजी, मीराबाई जैसे भक्तों ने अपनी भावनाओं को सरल और काव्यात्मक भाषा में व्यक्त किया। इस समय चारण और भाट समुदाय ने अपनी वीरतापूर्ण गीत लिखने की प्रक्रिया आरंभ की। राजस्थानी समाज के व्यापारी लोगों ने इस भाषा के विकास में भी अहम योगदान दिया। जब मारवाड़ी व्यापारी देश भर में घूमने गए, तो वे अपनी भाषा और संस्कृति का प्रचार किया। ऐसे करके उनके शब्दावली में वृद्धि हुई और उसे नए पीढ़ियों में प्रचलित रखने में सहायक हुआ। “"
https://1iwd.com/marwadi-bhasha/,हमेशा जीवित और समृद्ध रहेगी। 4 मारवाड़ी भाषा के क्षेत्र
https://1iwd.com/marwadi-bhasha/,"का इतिहास एक विशेष सांस्कृतिक पर्यटन है, जो राजस्थान की परंपराओं से गहरा जुड़ा है। यह भाषा राजस्थानी भाषाओं में प्रमुख उपभाषा मानी जाती है और इसका प्रारंभिक विकास शौरसेनी अपभ्रंश से हुआ, जो प्राचीन भारतीय आर्य भाषाओं की एक उपशाखा थी। मारवाड़ी भाषा की उत्पत्ति पश्चिमी राजस्थान के मारवाड़ क्षेत्र में हुई, जिसमें जोधपुर, नागौर, पाली, जैसलमेर, बाड़मेर, सिरोही और जालौर जिले शामिल हैं।” भाषा का जन्म होने पर उसे सिर्फ बोली के रूप में माना जाता था। प्रारंभ में उसका कोई लिखित साहित्य नहीं था, लेकिन लोकगीत और कहानियों के माध्यम से उसकी मौखिक परंपरा मजबूत थी। जब राजपूत राजाएं शासन करने लगे, तो भाषा को दरबारी संवाद, प्रशासन और धार्मिक अनुष्ठानों में भी स्थान मिला। राजाएं और कवियों ने अपनी वीरगाथाओं और धर्माधारित रचनाओं में मारवाड़ी का उपयोग किया, जिससे उसकी और प्रागति हुई। मध्यकालीन भारत में भक्ति आंदोलन के दौरान मारवाड़ी को साहित्यिक महत्व प्राप्त हुआ। संतों ने भक्ति गीतों और उपदेशों में इसे पसंद किया। संत दादूदयाल, संत पीपा और संत रामदेव ने इस भाषा में अपनी विचाराणुओं को व्यक्त किया। मीराबाई जैसी कवियित्री ने भी"
https://1iwd.com/marwadi-bhasha/,ब्लॉग स्थानीय एवं क्षेत्रीय इतिहास वैश्विक इतिहास पुरातात्विक इतिहास सैन्य इतिहास विज्ञान और प्रौद्योगिकी का इतिहास धार्मिक ओर सांस्कृतिक इतिहास आर्थिक इतिहास सामाजिक इतिहास राजनीतिक इतिहास बौद्धिक इतिहास
https://1iwd.com/marwadi-bhasha/,मानी जाती है और इसे प्राचीन हिंदी की पश्चिमी बोली से आएँ देखा जाता है।
https://1iwd.com/marwadi-bhasha/,"फिर भी इसके बोलने वालों की संख्या करोड़ों में है। इस प्रकार, मारवाड़ी केवल राजस्थान की सांस्कृतिक पहचान नहीं है, बल्कि यह भारतीय भाषाई विविधता का भी महत्वपूर्ण हिस्सा है।"
https://1iwd.com/marwadi-bhasha/,"की उत्पत्ति समझने के लिए भारतीय उपमहाद्वीप की भाषाओं के विकास पर ध्यान देना होगा। इसकी मूल रूप संस्कृत और प्राकृत जैसी प्राचीन आर्य भाषाओं में है। वैदिक काल में, संस्कृत एक मुख्य भाषा थी जो समाज के उच्च वर्गों द्वारा प्रयोग की जाती थी।"
https://1iwd.com/marwadi-bhasha/,"हालांकि, आम लोगों के लिए साधारण प्राकृत भाषाएं संवाद के लिए विकसित हुईं। इनमें से कुछ जैसे शौरसेनी और महाराष्ट्र प्राकृत ने बाद में अलग-अलग रूप लिए, जिसे हम अपभ्रंश कहते हैं।"
https://1iwd.com/marwadi-bhasha/,"शौरसेनी अपभ्रंश ने राजस्थान और गुजरात की स्थानीय बोलियों के साथ मिलकर एक नई पहचान बनाई, जो आखिरकार राजस्थानी और उसकी उप-भाषाओं के रूप में विकसित हुई।"
https://1iwd.com/marwadi-bhasha/,का विकास उस समय से जुड़ा है जब अपभ्रंश भाषाएं आधुनिक भाषाओं में बदलने लगी थी।
https://1iwd.com/marwadi-bhasha/,"यहां की राजनीति, संस्कृति और व्यापार ने इस भाषा को भी बढ़ावा दिया।"
https://1iwd.com/marwadi-bhasha/,राजपूतों के अपने दरबार में इस भाषा का उपयोग करने से इसे समाज में मान्यता मिली। इस
https://1iwd.com/marwadi-bhasha/,"का विकास सीमित नहीं था, शासन तक। इसका महत्वपूर्ण यूगिक जीवन और संस्कृति के कई पहलुओं से था।"
https://1iwd.com/marwadi-bhasha/,"मौखिक परंपरा के माध्यम से भी जीवित थी। भक्ति आंदोलन ने मारवाड़ी भाषा पर भी व्यापक प्रभाव डाला। संत दादूदयाल, रामदेवजी, मीराबाई जैसे भक्तों ने अपनी भावनाओं को सरल और काव्यात्मक भाषा में व्यक्त किया। इस समय चारण और भाट समुदाय ने अपनी वीरतापूर्ण गीत लिखने की प्रक्रिया आरंभ की।"
https://1iwd.com/marwadi-bhasha/,ने हमेशा अपनी विशेषता को सुरक्षित रखा है।
https://1iwd.com/marwadi-bhasha/,"सिर्फ शब्दों की ही कहानी नहीं है, बल्कि भावनाओं और परंपराओं की भी।"
https://1iwd.com/marwadi-bhasha/,"मध्यकाल में जब राजपूत साम्राज्य का उदय हुआ, तो"
https://1iwd.com/marwadi-bhasha/,का महत्व बढ़ गया। इस समय में राजपूतों के दरबारों और प्रशासन में यह भाषा महत्वपूर्ण हो गई थी।
https://1iwd.com/marwadi-bhasha/,"संत दादूदयाल, मीराबाई जैसे संतों ने"
https://1iwd.com/marwadi-bhasha/,"का उपयोग किया। उनके भजन और गीत सीधे जन मानस के दिलों तक पहुंचे, जिससे इस भाषा को और भी समृद्ध किया गया। मारवाड़ी ने व्यापार में एक महत्वपूर्ण स्थान बनाया। राजस्थान के व्यापारी, खासकर मारवाड़ी समुदाय ने अपनी भाषा और संस्कृति को देश भर में प्रसारित किया।"
https://1iwd.com/marwadi-bhasha/,"ने इस संदर्भ में अपनी मजबूती दर्शाई है। इस भाषा का उपयोग शादियों, त्योहारों और मेलों में लगातार होता रहा है।"
https://1iwd.com/marwadi-bhasha/,कई साहित्यकार और कलाकार आज भी इसे प्रमोट कर रहे हैं।
https://1iwd.com/marwadi-bhasha/,अब ये सोशल मीडिया और अन्य डिजिटल प्लेटफॉर्म्स पर बढ़ रही है।
https://1iwd.com/marwadi-bhasha/,"युवा कलाकार इसे कॉमेडी, भक्ति गीतों और जीवन शैली से जुड़े वीडियो में इस्तेमाल कर रहे हैं।"
https://1iwd.com/marwadi-bhasha/,"का उपयोग समाजिक और पारिवारिक जीवन में सामाजिकता से किया जाता है। यह भाषा केवल वार्तालाप का माध्यम ही नहीं है,"
https://1iwd.com/marwadi-bhasha/,का प्रमुख केंद्र था। यहाँ की बोली की पवित्रता और विश्वसनीयता प्रकट थी।
https://1iwd.com/marwadi-bhasha/,"जोधपुर की गलियों और दरबारों में, इस भाषा ने शासकों और जनता के बीच संवाद बनाया। पाली और नागौर में भी मारवाड़ी बहुत साहसपूर्वक बोली जाती है, जिसमें कई उपभाषाएं शामिल हैं।"
https://1iwd.com/marwadi-bhasha/,"बाड़मेर और जैसलमेर में ये भाषा कुछ सिंधी और पंजाबी शब्दों के प्रभाव में है, लेकिन इसकी मूल स्वरूपता अभी भी प्रशस्त है। जब रेगिस्तान में लोकगीत गूंजते हैं, तो उसमें मारवाड़ी की मधुरता और भावना स्पष्ट रूप से दिखाई देती है।"
https://1iwd.com/marwadi-bhasha/,"हालांकि यहाँ अन्य भाषाएँ पहले हैं। राजस्थान के बाहर भी मारवाड़ी भाषा की अच्छी प्राचीनता है। इसका विशेष महत्व वहाँ के उद्यमियों ने सुनिश्चित किया, जिन्होंने अपने कारोबार का प्रसार किया, साथ ही अपनी भाषा और संस्कृति को भी बनाए रखा।"
https://1iwd.com/marwadi-bhasha/,"गुजरात के अहमदाबाद, सूरत और राजकोट में मारवाड़ी समुदाय की बड़ी संख्या है, और वहाँ परिवारिक और धार्मिक कार्यक्रमों में मारवाड़ी भाषा का उपयोग होता है। महाराष्ट्र के मुंबई, पुणे और नासिक जैसे शहरों में भी"
https://1iwd.com/marwadi-bhasha/,"इस भाषा का व्यापक प्रचलन है। पश्चिम बंगाल के कोलकाता में मारवाड़ी समुदाय बहुत सक्रिय है, और वहाँ इसका उपयोग रोजमर्रा की बातचीत में होता है।"
https://1iwd.com/marwadi-bhasha/,"यूएई, अमेरिका, इंग्लैंड, ऑस्ट्रेलिया, सिंगापुर, थाईलैंड और नेपाल में बसे मारवाड़ी लोग आज भी इस भाषा को अपने पहचान का हिस्सा बनाए हुए हैं। वे इसे अपने घरों में और सांस्कृतिक आयोजनों में बोलते हैं।"
https://1iwd.com/marwadi-bhasha/,"कई मारवाड़ी संगठन विदेशों में इस भाषा के प्रचार-प्रसार के लिए सक्रिय हैं। इस प्रकार, मारवाड़ी भाषा का क्षेत्र विशाल है। यह सिर्फ राजस्थान तक सीमित नहीं है, बल्कि एक महत्वपूर्ण सांस्कृतिक समुदाय की भाषा है"
https://1iwd.com/marwadi-bhasha/,"का इतिहास एक विशेष सांस्कृतिक पर्यटन है, जो राजस्थान की परंपराओं से गहरा जुड़ा है। यह भाषा राजस्थानी भाषाओं में प्रमुख उपभाषा मानी जाती है और इसका प्रारंभिक विकास शौरसेनी अपभ्रंश से हुआ,"
https://1iwd.com/marwadi-bhasha/,"जो प्राचीन भारतीय आर्य भाषाओं की एक उपशाखा थी। मारवाड़ी भाषा की उत्पत्ति पश्चिमी राजस्थान के मारवाड़ क्षेत्र में हुई, जिसमें जोधपुर, नागौर, पाली, जैसलमेर, बाड़मेर, सिरोही और जालौर जिले शामिल हैं।”"
https://1iwd.com/marwadi-bhasha/,"भाषा का जन्म होने पर उसे सिर्फ बोली के रूप में माना जाता था। प्रारंभ में उसका कोई लिखित साहित्य नहीं था, लेकिन लोकगीत और कहानियों के माध्यम से उसकी मौखिक परंपरा मजबूत थी।"
https://1iwd.com/marwadi-bhasha/,"जब राजपूत राजाएं शासन करने लगे, तो भाषा को दरबारी संवाद, प्रशासन और धार्मिक अनुष्ठानों में भी स्थान मिला। राजाएं और कवियों ने अपनी वीरगाथाओं और धर्माधारित रचनाओं में मारवाड़ी का उपयोग किया, जिससे उसकी और प्रागति हुई।"
https://1iwd.com/marwadi-bhasha/,"मध्यकालीन भारत में भक्ति आंदोलन के दौरान मारवाड़ी को साहित्यिक महत्व प्राप्त हुआ। संतों ने भक्ति गीतों और उपदेशों में इसे पसंद किया। संत दादूदयाल, संत पीपा और संत रामदेव ने इस भाषा में अपनी विचाराणुओं को व्यक्त किया।"
https://1iwd.com/marwadi-bhasha/,"और ब्रज भाषा में रचनाएं की, जिससे प्रकट होता है कि इसका प्रभाव अन्य भाषाओं पर था। – राजपूताना में राजनीतिक अस्थिरता और मुगलों के दबाव के बावजूद, मारवाड़ी ने अपना अस्तित्व बनाए रखा।"
https://1iwd.com/,: स्थानीय एवं क्षेत्रीय इतिहास
https://1iwd.com/,: धार्मिक ओर सांस्कृतिक इतिहास
https://1iwd.com/,"सविनय अवज्ञा आंदोलन का इतिहास, क्या हुआ था इस आंदोलन में"
https://1iwd.com/,सविनय अवज्ञा आंदोलन की अनोखी बात यह थी कि यह पूरी तरह से संगठित और अहिंसात्मक था। गांधीजी ने सत्याग्रहियों को हर कदम पर ट्रेनिंग दी और उनसे यह सुनिश्चित कराया 1. सविनय अवज्ञा आंदोलन
https://1iwd.com/category/%e0%a4%ac%e0%a5%8d%e0%a4%b2%e0%a5%89%e0%a4%97/,बादशाह अकबर का बेटा जहांगीर का जीवन परिचय यहां देखे जहांगीर की शासन काल का एक अहम हिस्सा उनकी न्यायप्रियता थी। उन्होंने खुद को जंजीर-ए-अदालत का निर्माता घोषित किया। अपने दरबार के बाहर एक बड़ी गोल्डन चेन लगवाई. 1. जहांगीर का परिचय मुगल साम्राज्य की
https://1iwd.com/category/%e0%a4%ac%e0%a5%8d%e0%a4%b2%e0%a5%89%e0%a4%97/,बादशाह अकबर का बेटा जहांगीर का जीवन परिचय यहां देखे
https://1iwd.com/category/%e0%a4%ac%e0%a5%8d%e0%a4%b2%e0%a5%89%e0%a4%97/,ब्लॉग में इतिहास से संबंधित अन्य ब्लॉग को शामिल किया जाएगा.
https://1iwd.com/category/%e0%a4%ac%e0%a5%8d%e0%a4%b2%e0%a5%89%e0%a4%97/,जहांगीर की शासन काल का एक अहम हिस्सा उनकी न्यायप्रियता थी। उन्होंने खुद को जंजीर-ए-अदालत का निर्माता घोषित किया। अपने दरबार के बाहर एक बड़ी गोल्डन चेन लगवाई. 1. जहांगीर का परिचय मुगल साम्राज्य की
https://1iwd.com/category/%e0%a4%b8%e0%a5%8d%e0%a4%a5%e0%a4%be%e0%a4%a8%e0%a5%80%e0%a4%af-%e0%a4%8f%e0%a4%b5%e0%a4%82-%e0%a4%95%e0%a5%8d%e0%a4%b7%e0%a5%87%e0%a4%a4%e0%a5%8d%e0%a4%b0%e0%a5%80%e0%a4%af-%e0%a4%87%e0%a4%a4/,» स्थानीय एवं क्षेत्रीय इतिहास
https://1iwd.com/category/%e0%a4%b8%e0%a5%8d%e0%a4%a5%e0%a4%be%e0%a4%a8%e0%a5%80%e0%a4%af-%e0%a4%8f%e0%a4%b5%e0%a4%82-%e0%a4%95%e0%a5%8d%e0%a4%b7%e0%a5%87%e0%a4%a4%e0%a5%8d%e0%a4%b0%e0%a5%80%e0%a4%af-%e0%a4%87%e0%a4%a4/,": स्थानीय एवं क्षेत्रीय इतिहास स्थानीय एवं क्षेत्रीय इतिहास में किसी विशेष राज्य, नगर या क्षेत्र की ऐतिहासिक घटनाओं और परंपराओं का अध्ययन। उदाहरण: राजस्थान का इतिहास, बंगाल का पुनर्जागरण, दक्षिण भारत के विजयनगर साम्राज्य का अध्ययन।"
https://1iwd.com/category/%e0%a4%b8%e0%a5%8d%e0%a4%a5%e0%a4%be%e0%a4%a8%e0%a5%80%e0%a4%af-%e0%a4%8f%e0%a4%b5%e0%a4%82-%e0%a4%95%e0%a5%8d%e0%a4%b7%e0%a5%87%e0%a4%a4%e0%a5%8d%e0%a4%b0%e0%a5%80%e0%a4%af-%e0%a4%87%e0%a4%a4/,: इसका निर्माण कार्य एवं वास्तुशिल्प
https://1iwd.com/category/%e0%a4%b8%e0%a5%8d%e0%a4%a5%e0%a4%be%e0%a4%a8%e0%a5%80%e0%a4%af-%e0%a4%8f%e0%a4%b5%e0%a4%82-%e0%a4%95%e0%a5%8d%e0%a4%b7%e0%a5%87%e0%a4%a4%e0%a5%8d%e0%a4%b0%e0%a5%80%e0%a4%af-%e0%a4%87%e0%a4%a4/,: इसका निर्माण कार्य एवं वास्तुशिल्प आखिर कैसे हुआ था
https://1iwd.com/category/%e0%a4%b8%e0%a5%8d%e0%a4%a5%e0%a4%be%e0%a4%a8%e0%a5%80%e0%a4%af-%e0%a4%8f%e0%a4%b5%e0%a4%82-%e0%a4%95%e0%a5%8d%e0%a4%b7%e0%a5%87%e0%a4%a4%e0%a5%8d%e0%a4%b0%e0%a5%80%e0%a4%af-%e0%a4%87%e0%a4%a4/,जिसके निर्माता रहे मुगल बादशाह अकबर. जाने यहां फतेहपर सीकरी के निर्माण और उसके वास्तुशिल्प के बारे में. 1. फतेहपुर सीकरी का निर्माण कार्य
https://1iwd.com/category/%e0%a4%b8%e0%a5%8d%e0%a4%a5%e0%a4%be%e0%a4%a8%e0%a5%80%e0%a4%af-%e0%a4%8f%e0%a4%b5%e0%a4%82-%e0%a4%95%e0%a5%8d%e0%a4%b7%e0%a5%87%e0%a4%a4%e0%a5%8d%e0%a4%b0%e0%a5%80%e0%a4%af-%e0%a4%87%e0%a4%a4/,": निर्माण, संग्रहालय, यात्रा, इतिहास सफेद संगमरमर से निर्मित"
https://1iwd.com/category/%e0%a4%b8%e0%a5%8d%e0%a4%a5%e0%a4%be%e0%a4%a8%e0%a5%80%e0%a4%af-%e0%a4%8f%e0%a4%b5%e0%a4%82-%e0%a4%95%e0%a5%8d%e0%a4%b7%e0%a5%87%e0%a4%a4%e0%a5%8d%e0%a4%b0%e0%a5%80%e0%a4%af-%e0%a4%87%e0%a4%a4/,: हरियाली अमावस्या के दिन करें टॉडगढ़ का भ्रमण
https://1iwd.com/category/%e0%a4%b8%e0%a5%8d%e0%a4%a5%e0%a4%be%e0%a4%a8%e0%a5%80%e0%a4%af-%e0%a4%8f%e0%a4%b5%e0%a4%82-%e0%a4%95%e0%a5%8d%e0%a4%b7%e0%a5%87%e0%a4%a4%e0%a5%8d%e0%a4%b0%e0%a5%80%e0%a4%af-%e0%a4%87%e0%a4%a4/,अरावली पर्वत श्रृंखला की गोद में बसा यह स्थान रावली वन्यजीव अभयारण्य और आसपास की हरियाली का मनोरम दृश्य प्रस्तुत करता है। जो भ्रमण का केंद्र है। 1 प्रज्ञा शिखर टॉडगढ़ का परिचय
https://1iwd.com/category/%e0%a4%b8%e0%a5%8d%e0%a4%a5%e0%a4%be%e0%a4%a8%e0%a5%80%e0%a4%af-%e0%a4%8f%e0%a4%b5%e0%a4%82-%e0%a4%95%e0%a5%8d%e0%a4%b7%e0%a5%87%e0%a4%a4%e0%a5%8d%e0%a4%b0%e0%a5%80%e0%a4%af-%e0%a4%87%e0%a4%a4/,"स्थानीय एवं क्षेत्रीय इतिहास में किसी विशेष राज्य, नगर या क्षेत्र की ऐतिहासिक घटनाओं और परंपराओं का अध्ययन। उदाहरण: राजस्थान का इतिहास, बंगाल का पुनर्जागरण, दक्षिण भारत के विजयनगर साम्राज्य का अध्ययन।"
https://1iwd.com/category/%e0%a4%b8%e0%a5%8d%e0%a4%a5%e0%a4%be%e0%a4%a8%e0%a5%80%e0%a4%af-%e0%a4%8f%e0%a4%b5%e0%a4%82-%e0%a4%95%e0%a5%8d%e0%a4%b7%e0%a5%87%e0%a4%a4%e0%a5%8d%e0%a4%b0%e0%a5%80%e0%a4%af-%e0%a4%87%e0%a4%a4/,"स्थानीय एवं क्षेत्रीय इतिहास में किसी विशेष राज्य, नगर या क्षेत्र की ऐतिहासिक घटनाओं और परंपराओं का अध्ययन।"
https://1iwd.com/category/%e0%a4%b8%e0%a5%8d%e0%a4%a5%e0%a4%be%e0%a4%a8%e0%a5%80%e0%a4%af-%e0%a4%8f%e0%a4%b5%e0%a4%82-%e0%a4%95%e0%a5%8d%e0%a4%b7%e0%a5%87%e0%a4%a4%e0%a5%8d%e0%a4%b0%e0%a5%80%e0%a4%af-%e0%a4%87%e0%a4%a4/,"उदाहरण: राजस्थान का इतिहास, बंगाल का पुनर्जागरण, दक्षिण भारत के विजयनगर साम्राज्य का अध्ययन।"
https://1iwd.com/category/%e0%a4%b5%e0%a5%88%e0%a4%b6%e0%a5%8d%e0%a4%b5%e0%a4%bf%e0%a4%95-%e0%a4%87%e0%a4%a4%e0%a4%bf%e0%a4%b9%e0%a4%be%e0%a4%b8/,": वैश्विक इतिहास वैश्विक इतिहास में विश्व की प्रमुख घटनाओं, सभ्यताओं, अंतरराष्ट्रीय संबंधों और वैश्विक प्रभावों का अध्ययन। उदाहरण: रोमन साम्राज्य, अमेरिका की स्वतंत्रता, शीत युद्ध।"
https://1iwd.com/category/%e0%a4%b5%e0%a5%88%e0%a4%b6%e0%a5%8d%e0%a4%b5%e0%a4%bf%e0%a4%95-%e0%a4%87%e0%a4%a4%e0%a4%bf%e0%a4%b9%e0%a4%be%e0%a4%b8/,भारतीय स्वतंत्रता संग्राम का एक महत्वपूर्ण और निर्णायक पड़ाव माना गया है. जिसका मूल उद्देश्य भारत को अंग्रेजों के शासन से मुक्त कराना था. 1. भारत छोड़ो आंदोलन का परिचय
https://1iwd.com/category/%e0%a4%b5%e0%a5%88%e0%a4%b6%e0%a5%8d%e0%a4%b5%e0%a4%bf%e0%a4%95-%e0%a4%87%e0%a4%a4%e0%a4%bf%e0%a4%b9%e0%a4%be%e0%a4%b8/,"वैश्विक इतिहास में विश्व की प्रमुख घटनाओं, सभ्यताओं, अंतरराष्ट्रीय संबंधों और वैश्विक प्रभावों का अध्ययन। उदाहरण: रोमन साम्राज्य, अमेरिका की स्वतंत्रता, शीत युद्ध।"
https://1iwd.com/category/%e0%a4%b5%e0%a5%88%e0%a4%b6%e0%a5%8d%e0%a4%b5%e0%a4%bf%e0%a4%95-%e0%a4%87%e0%a4%a4%e0%a4%bf%e0%a4%b9%e0%a4%be%e0%a4%b8/,"वैश्विक इतिहास में विश्व की प्रमुख घटनाओं, सभ्यताओं, अंतरराष्ट्रीय संबंधों और वैश्विक प्रभावों का अध्ययन।"
https://1iwd.com/category/%e0%a4%b5%e0%a5%88%e0%a4%b6%e0%a5%8d%e0%a4%b5%e0%a4%bf%e0%a4%95-%e0%a4%87%e0%a4%a4%e0%a4%bf%e0%a4%b9%e0%a4%be%e0%a4%b8/,"उदाहरण: रोमन साम्राज्य, अमेरिका की स्वतंत्रता, शीत युद्ध।"
https://1iwd.com/category/%e0%a4%aa%e0%a5%81%e0%a4%b0%e0%a4%be%e0%a4%a4%e0%a4%be%e0%a4%a4%e0%a5%8d%e0%a4%b5%e0%a4%bf%e0%a4%95-%e0%a4%87%e0%a4%a4%e0%a4%bf%e0%a4%b9%e0%a4%be%e0%a4%b8/,": पुरातात्विक इतिहास पुरातात्विक इतिहास में ऐतिहासिक अवशेषों, खुदाई, शिलालेखों, सिक्कों और प्राचीन सभ्यताओं के अवशेषों का अध्ययन किया जाता है। उदाहरण: सिंधु घाटी सभ्यता, मौर्यकालीन शिलालेख, अजंता-एलोरा की गुफाएँ।"
https://1iwd.com/category/%e0%a4%aa%e0%a5%81%e0%a4%b0%e0%a4%be%e0%a4%a4%e0%a4%be%e0%a4%a4%e0%a5%8d%e0%a4%b5%e0%a4%bf%e0%a4%95-%e0%a4%87%e0%a4%a4%e0%a4%bf%e0%a4%b9%e0%a4%be%e0%a4%b8/,"पुरातात्विक इतिहास में ऐतिहासिक अवशेषों, खुदाई, शिलालेखों, सिक्कों और प्राचीन सभ्यताओं के अवशेषों का अध्ययन किया जाता है। उदाहरण: सिंधु घाटी सभ्यता, मौर्यकालीन शिलालेख, अजंता-एलोरा की गुफाएँ।"
https://1iwd.com/category/%e0%a4%aa%e0%a5%81%e0%a4%b0%e0%a4%be%e0%a4%a4%e0%a4%be%e0%a4%a4%e0%a5%8d%e0%a4%b5%e0%a4%bf%e0%a4%95-%e0%a4%87%e0%a4%a4%e0%a4%bf%e0%a4%b9%e0%a4%be%e0%a4%b8/,"पुरातात्विक इतिहास में ऐतिहासिक अवशेषों, खुदाई, शिलालेखों, सिक्कों और प्राचीन सभ्यताओं के अवशेषों का अध्ययन किया जाता है।"
https://1iwd.com/category/%e0%a4%aa%e0%a5%81%e0%a4%b0%e0%a4%be%e0%a4%a4%e0%a4%be%e0%a4%a4%e0%a5%8d%e0%a4%b5%e0%a4%bf%e0%a4%95-%e0%a4%87%e0%a4%a4%e0%a4%bf%e0%a4%b9%e0%a4%be%e0%a4%b8/,"उदाहरण: सिंधु घाटी सभ्यता, मौर्यकालीन शिलालेख, अजंता-एलोरा की गुफाएँ।"
https://1iwd.com/category/%e0%a4%b8%e0%a5%88%e0%a4%a8%e0%a5%8d%e0%a4%af-%e0%a4%87%e0%a4%a4%e0%a4%bf%e0%a4%b9%e0%a4%be%e0%a4%b8/,": सैन्य इतिहास सैन्य इतिहास में युद्धों, सैन्य अभियानों, सामरिक रणनीतियों और हथियारों के विकास से संबंधित इतिहास। उदाहरण: पानीपत की लड़ाइयाँ, प्रथम और द्वितीय विश्व युद्ध, भारत-पाक युद्ध।"
https://1iwd.com/category/%e0%a4%b8%e0%a5%88%e0%a4%a8%e0%a5%8d%e0%a4%af-%e0%a4%87%e0%a4%a4%e0%a4%bf%e0%a4%b9%e0%a4%be%e0%a4%b8/,"सैन्य इतिहास में युद्धों, सैन्य अभियानों, सामरिक रणनीतियों और हथियारों के विकास से संबंधित इतिहास। उदाहरण: पानीपत की लड़ाइयाँ, प्रथम और द्वितीय विश्व युद्ध, भारत-पाक युद्ध।"
https://1iwd.com/category/%e0%a4%b8%e0%a5%88%e0%a4%a8%e0%a5%8d%e0%a4%af-%e0%a4%87%e0%a4%a4%e0%a4%bf%e0%a4%b9%e0%a4%be%e0%a4%b8/,"सैन्य इतिहास में युद्धों, सैन्य अभियानों, सामरिक रणनीतियों और हथियारों के विकास से संबंधित इतिहास।"
https://1iwd.com/category/%e0%a4%b8%e0%a5%88%e0%a4%a8%e0%a5%8d%e0%a4%af-%e0%a4%87%e0%a4%a4%e0%a4%bf%e0%a4%b9%e0%a4%be%e0%a4%b8/,"उदाहरण: पानीपत की लड़ाइयाँ, प्रथम और द्वितीय विश्व युद्ध, भारत-पाक युद्ध।"
https://1iwd.com/category/%e0%a4%b5%e0%a4%bf%e0%a4%9c%e0%a5%8d%e0%a4%9e%e0%a4%be%e0%a4%a8-%e0%a4%94%e0%a4%b0-%e0%a4%aa%e0%a5%8d%e0%a4%b0%e0%a5%8c%e0%a4%a6%e0%a5%8d%e0%a4%af%e0%a5%8b%e0%a4%97%e0%a4%bf%e0%a4%95%e0%a5%80/,» विज्ञान और प्रौद्योगिकी का इतिहास
https://1iwd.com/category/%e0%a4%b5%e0%a4%bf%e0%a4%9c%e0%a5%8d%e0%a4%9e%e0%a4%be%e0%a4%a8-%e0%a4%94%e0%a4%b0-%e0%a4%aa%e0%a5%8d%e0%a4%b0%e0%a5%8c%e0%a4%a6%e0%a5%8d%e0%a4%af%e0%a5%8b%e0%a4%97%e0%a4%bf%e0%a4%95%e0%a5%80/,": विज्ञान और प्रौद्योगिकी का इतिहास विज्ञान और प्रौद्योगिकी का इतिहास में विज्ञान, चिकित्सा, नवाचार, खोज और तकनीकी विकास की ऐतिहासिक प्रगति को समझने के लिए इस श्रेणी का अध्ययन किया जाता है। उदाहरण: आर्यभट्ट और ब्रह्मगुप्त के गणितीय योगदान, औद्योगिक क्रांति, अंतरिक्ष अनुसंधान।"
https://1iwd.com/category/%e0%a4%b5%e0%a4%bf%e0%a4%9c%e0%a5%8d%e0%a4%9e%e0%a4%be%e0%a4%a8-%e0%a4%94%e0%a4%b0-%e0%a4%aa%e0%a5%8d%e0%a4%b0%e0%a5%8c%e0%a4%a6%e0%a5%8d%e0%a4%af%e0%a5%8b%e0%a4%97%e0%a4%bf%e0%a4%95%e0%a5%80/,विज्ञान और प्रौद्योगिकी का इतिहास
https://1iwd.com/category/%e0%a4%b5%e0%a4%bf%e0%a4%9c%e0%a5%8d%e0%a4%9e%e0%a4%be%e0%a4%a8-%e0%a4%94%e0%a4%b0-%e0%a4%aa%e0%a5%8d%e0%a4%b0%e0%a5%8c%e0%a4%a6%e0%a5%8d%e0%a4%af%e0%a5%8b%e0%a4%97%e0%a4%bf%e0%a4%95%e0%a5%80/,: विज्ञान और प्रौद्योगिकी का इतिहास
https://1iwd.com/category/%e0%a4%b5%e0%a4%bf%e0%a4%9c%e0%a5%8d%e0%a4%9e%e0%a4%be%e0%a4%a8-%e0%a4%94%e0%a4%b0-%e0%a4%aa%e0%a5%8d%e0%a4%b0%e0%a5%8c%e0%a4%a6%e0%a5%8d%e0%a4%af%e0%a5%8b%e0%a4%97%e0%a4%bf%e0%a4%95%e0%a5%80/,"विज्ञान और प्रौद्योगिकी का इतिहास में विज्ञान, चिकित्सा, नवाचार, खोज और तकनीकी विकास की ऐतिहासिक प्रगति को समझने के लिए इस श्रेणी का अध्ययन किया जाता है। उदाहरण: आर्यभट्ट और ब्रह्मगुप्त के गणितीय योगदान, औद्योगिक क्रांति, अंतरिक्ष अनुसंधान।"
https://1iwd.com/category/%e0%a4%b5%e0%a4%bf%e0%a4%9c%e0%a5%8d%e0%a4%9e%e0%a4%be%e0%a4%a8-%e0%a4%94%e0%a4%b0-%e0%a4%aa%e0%a5%8d%e0%a4%b0%e0%a5%8c%e0%a4%a6%e0%a5%8d%e0%a4%af%e0%a5%8b%e0%a4%97%e0%a4%bf%e0%a4%95%e0%a5%80/,"विज्ञान और प्रौद्योगिकी का इतिहास में विज्ञान, चिकित्सा, नवाचार, खोज और तकनीकी विकास की ऐतिहासिक प्रगति को समझने के लिए इस श्रेणी का अध्ययन किया जाता है।"
https://1iwd.com/category/%e0%a4%b5%e0%a4%bf%e0%a4%9c%e0%a5%8d%e0%a4%9e%e0%a4%be%e0%a4%a8-%e0%a4%94%e0%a4%b0-%e0%a4%aa%e0%a5%8d%e0%a4%b0%e0%a5%8c%e0%a4%a6%e0%a5%8d%e0%a4%af%e0%a5%8b%e0%a4%97%e0%a4%bf%e0%a4%95%e0%a5%80/,"उदाहरण: आर्यभट्ट और ब्रह्मगुप्त के गणितीय योगदान, औद्योगिक क्रांति, अंतरिक्ष अनुसंधान।"
https://marwaribaatein.com/marwari-language/idioms/,अ-अः अकल बिना ऊंट उभाणा फिरैं । अगम् बुद्धि बाणिया पिछम् बुद्धि जाट
https://marwaribaatein.com/marwari-language/idioms/,अगम् बुद्धि बाणिया पिछम् बुद्धि जाट
https://marwaribaatein.com/marwari-language/idioms/,आसोजां का पड्या तावडा जोगी बणग्या जाट ।
https://marwaribaatein.com/marwari-language/idioms/,गादड़ै की मोत आवै जणा गांव कानी भागै।
https://marwaribaatein.com/marwari-language/idioms/,असहाय व्यक्ति को प्रभुत्वशाली और सक्षम लोग लाभ नहीं उठाने देते हैं।)
https://marwaribaatein.com/marwari-language/idioms/,"च्यार चोर चौरासी बाणिया, बाणिया बापड़ा के करँ ।"
https://marwaribaatein.com/marwari-language/idioms/,"छड़ी पड़ै छमाछम, विद्या आवै धमाधम।"
https://marwaribaatein.com/marwari-language/idioms/,ज्यादा स्याणु कागलो गू मैं चांच दे ।
https://marwaribaatein.com/marwari-language/idioms/,"जंगल जाट न छोड़िये,हाटां बीच किराड़। रांगड़ कदे न छोड़िये,ये हरदम करे बिगाड़।।"
https://marwaribaatein.com/marwari-language/idioms/,"तीज त्यौहारां बावड़ी, ले डूबी गणगौर।"
https://marwaribaatein.com/marwari-language/idioms/,दूसरे की थाळी मँ घी ज्यादा दीखॅ।
https://marwaribaatein.com/marwari-language/idioms/,रांड स्याणी हुवै पण कसम मर्यां फेर ।
https://marwaribaatein.com/marwari-language/idioms/,रोता जां बै मरेडां की खबर ल्यावैं ।
https://marwaribaatein.com/marwari-language/idioms/,"सरलायो छूंदरो, बद्दां बंध्यो जाट । मदमाती गूजरी, तीनों वारां बाट ।।"
https://marwaribaatein.com/marwari-language/idioms/,साबत रैसी सर तो घणाई बससीं घर।
https://marwaribaatein.com/marwari-language/idioms/,हाँसी-हाँसी में हो-ज्यासी खाँसी ।
https://marwaribaatein.com/marwari-language/marwari-grammar/,"र ल्याया हो। बोळो—बोळा, उदाहरण— म्हे बोळा सारा काकड़िया ल्याया हां। राजस्थानी भाषा में एक वचन के जो शब्द ईकारांत होते हैं उनमें बहुवचन के लिए"
https://marwaribaatein.com/marwari-language/marwari-grammar/,"लगा देते हैं। लड़की—लड़क्यां, उदाहरण— थारै कती लड़क्यां हैं। कड़ी—कड़्यां, उदाहरण— इतिहास की सगळी कड़्यां जोड़ो। घोड़ी—घोड़्यां, उदाहरण— सगळी घोड़्यां नै पाणी पावो। राजस्थानी भाषा में एक वचन के कुछ शब्द ईकारांत होते हैं उनमें बहुवचन के लिए"
https://marwaribaatein.com/marwari-language/marwari-grammar/,राजस्थानी भाषा में एक वचन के जो शब्द ओकारांत होते हैं वे बहुवचन में आकारांत हो जाते हैं। जैसे
https://marwaribaatein.com/marwari-language/marwari-grammar/,"बोळो—बोळा, उदाहरण— म्हे बोळा सारा काकड़िया ल्याया हां।"
https://marwaribaatein.com/marwari-language/marwari-grammar/,राजस्थानी भाषा में एक वचन के जो शब्द ईकारांत होते हैं उनमें बहुवचन के लिए
https://marwaribaatein.com/marwari-language/marwari-grammar/,"लड़की—लड़क्यां, उदाहरण— थारै कती लड़क्यां हैं।"
https://marwaribaatein.com/marwari-language/marwari-grammar/,"कड़ी—कड़्यां, उदाहरण— इतिहास की सगळी कड़्यां जोड़ो।"
https://marwaribaatein.com/marwari-language/marwari-grammar/,"घोड़ी—घोड़्यां, उदाहरण— सगळी घोड़्यां नै पाणी पावो।"
https://marwaribaatein.com/marwari-language/marwari-grammar/,राजस्थानी भाषा में एक वचन के कुछ शब्द ईकारांत होते हैं उनमें बहुवचन के लिए
https://marwaribaatein.com/marwari-language/marwari-grammar/,"लुगाई—लुगायां, उदाहरण— सगळी लुगायां नै पाणी पावो।"
https://marwaribaatein.com/marwari-language/marwari-grammar/,"भोजाई—भोजायां, उदाहरण— भोजायां नॅ बोलो कॅ गीत गावॅं।"
https://hattai.page.tl/Rajasthani-Folk-Lore.htm,यहां आप राजस्थानी लोक साहित्य पढ़ या लिख सकते हैं धमाळ कहानियां गणपति स्वामी की कविता हीरासिंह चाहर का काव्य सूदन कवि का सुजान चरित्र राजस्थान की पारंमपरिक कलाएं स्यावड़ माता तेजाजी के गीत
https://hattai.page.tl/Rajasthani-Folk-Lore.htm,यहां आप राजस्थानी लोक साहित्य पढ़ या लिख सकते हैं
https://hattai.page.tl/Rajasthani-Language-grammar.htm,यहां आप राजस्थानी भाषा व्याकरण लिख सकते हैं
https://www.sidhimarwadi.com/home,आपका कनेक्शन बाधित था नेटवर्क में बदलाव का पता चला.
